<?xml version="1.0" encoding="UTF-8"?>
<spirit:component xmlns:xilinx="http://www.xilinx.com" xmlns:spirit="http://www.spiritconsortium.org/XMLSchema/SPIRIT/1685-2009" xmlns:xsi="http://www.w3.org/2001/XMLSchema-instance">
  <spirit:vendor>xilinx.com</spirit:vendor>
  <spirit:library>user</spirit:library>
  <spirit:name>PWM_w_Int</spirit:name>
  <spirit:version>1.0</spirit:version>
  <spirit:busInterfaces>
    <spirit:busInterface>
      <spirit:name>S00_AXI</spirit:name>
      <spirit:busType spirit:vendor="xilinx.com" spirit:library="interface" spirit:name="aximm" spirit:version="1.0"/>
      <spirit:abstractionType spirit:vendor="xilinx.com" spirit:library="interface" spirit:name="aximm_rtl" spirit:version="1.0"/>
      <spirit:slave>
        <spirit:memoryMapRef spirit:memoryMapRef="S00_AXI"/>
      </spirit:slave>
      <spirit:portMaps>
        <spirit:portMap>
          <spirit:logicalPort>
            <spirit:name>AWADDR</spirit:name>
          </spirit:logicalPort>
          <spirit:physicalPort>
            <spirit:name>s00_axi_awaddr</spirit:name>
          </spirit:physicalPort>
        </spirit:portMap>
        <spirit:portMap>
          <spirit:logicalPort>
            <spirit:name>AWPROT</spirit:name>
          </spirit:logicalPort>
          <spirit:physicalPort>
            <spirit:name>s00_axi_awprot</spirit:name>
          </spirit:physicalPort>
        </spirit:portMap>
        <spirit:portMap>
          <spirit:logicalPort>
            <spirit:name>AWVALID</spirit:name>
          </spirit:logicalPort>
          <spirit:physicalPort>
            <spirit:name>s00_axi_awvalid</spirit:name>
          </spirit:physicalPort>
        </spirit:portMap>
        <spirit:portMap>
          <spirit:logicalPort>
            <spirit:name>AWREADY</spirit:name>
          </spirit:logicalPort>
          <spirit:physicalPort>
            <spirit:name>s00_axi_awready</spirit:name>
          </spirit:physicalPort>
        </spirit:portMap>
        <spirit:portMap>
          <spirit:logicalPort>
            <spirit:name>WDATA</spirit:name>
          </spirit:logicalPort>
          <spirit:physicalPort>
            <spirit:name>s00_axi_wdata</spirit:name>
          </spirit:physicalPort>
        </spirit:portMap>
        <spirit:portMap>
          <spirit:logicalPort>
            <spirit:name>WSTRB</spirit:name>
          </spirit:logicalPort>
          <spirit:physicalPort>
            <spirit:name>s00_axi_wstrb</spirit:name>
          </spirit:physicalPort>
        </spirit:portMap>
        <spirit:portMap>
          <spirit:logicalPort>
            <spirit:name>WVALID</spirit:name>
          </spirit:logicalPort>
          <spirit:physicalPort>
            <spirit:name>s00_axi_wvalid</spirit:name>
          </spirit:physicalPort>
        </spirit:portMap>
        <spirit:portMap>
          <spirit:logicalPort>
            <spirit:name>WREADY</spirit:name>
          </spirit:logicalPort>
          <spirit:physicalPort>
            <spirit:name>s00_axi_wready</spirit:name>
          </spirit:physicalPort>
        </spirit:portMap>
        <spirit:portMap>
          <spirit:logicalPort>
            <spirit:name>BRESP</spirit:name>
          </spirit:logicalPort>
          <spirit:physicalPort>
            <spirit:name>s00_axi_bresp</spirit:name>
          </spirit:physicalPort>
        </spirit:portMap>
        <spirit:portMap>
          <spirit:logicalPort>
            <spirit:name>BVALID</spirit:name>
          </spirit:logicalPort>
          <spirit:physicalPort>
            <spirit:name>s00_axi_bvalid</spirit:name>
          </spirit:physicalPort>
        </spirit:portMap>
        <spirit:portMap>
          <spirit:logicalPort>
            <spirit:name>BREADY</spirit:name>
          </spirit:logicalPort>
          <spirit:physicalPort>
            <spirit:name>s00_axi_bready</spirit:name>
          </spirit:physicalPort>
        </spirit:portMap>
        <spirit:portMap>
          <spirit:logicalPort>
            <spirit:name>ARADDR</spirit:name>
          </spirit:logicalPort>
          <spirit:physicalPort>
            <spirit:name>s00_axi_araddr</spirit:name>
          </spirit:physicalPort>
        </spirit:portMap>
        <spirit:portMap>
          <spirit:logicalPort>
            <spirit:name>ARPROT</spirit:name>
          </spirit:logicalPort>
          <spirit:physicalPort>
            <spirit:name>s00_axi_arprot</spirit:name>
          </spirit:physicalPort>
        </spirit:portMap>
        <spirit:portMap>
          <spirit:logicalPort>
            <spirit:name>ARVALID</spirit:name>
          </spirit:logicalPort>
          <spirit:physicalPort>
            <spirit:name>s00_axi_arvalid</spirit:name>
          </spirit:physicalPort>
        </spirit:portMap>
        <spirit:portMap>
          <spirit:logicalPort>
            <spirit:name>ARREADY</spirit:name>
          </spirit:logicalPort>
          <spirit:physicalPort>
            <spirit:name>s00_axi_arready</spirit:name>
          </spirit:physicalPort>
        </spirit:portMap>
        <spirit:portMap>
          <spirit:logicalPort>
            <spirit:name>RDATA</spirit:name>
          </spirit:logicalPort>
          <spirit:physicalPort>
            <spirit:name>s00_axi_rdata</spirit:name>
          </spirit:physicalPort>
        </spirit:portMap>
        <spirit:portMap>
          <spirit:logicalPort>
            <spirit:name>RRESP</spirit:name>
          </spirit:logicalPort>
          <spirit:physicalPort>
            <spirit:name>s00_axi_rresp</spirit:name>
          </spirit:physicalPort>
        </spirit:portMap>
        <spirit:portMap>
          <spirit:logicalPort>
            <spirit:name>RVALID</spirit:name>
          </spirit:logicalPort>
          <spirit:physicalPort>
            <spirit:name>s00_axi_rvalid</spirit:name>
          </spirit:physicalPort>
        </spirit:portMap>
        <spirit:portMap>
          <spirit:logicalPort>
            <spirit:name>RREADY</spirit:name>
          </spirit:logicalPort>
          <spirit:physicalPort>
            <spirit:name>s00_axi_rready</spirit:name>
          </spirit:physicalPort>
        </spirit:portMap>
      </spirit:portMaps>
      <spirit:parameters>
        <spirit:parameter>
          <spirit:name>WIZ_DATA_WIDTH</spirit:name>
          <spirit:value spirit:format="long" spirit:id="BUSIFPARAM_VALUE.S00_AXI.WIZ_DATA_WIDTH" spirit:choiceRef="choice_list_6fc15197">32</spirit:value>
        </spirit:parameter>
        <spirit:parameter>
          <spirit:name>WIZ_NUM_REG</spirit:name>
          <spirit:value spirit:format="long" spirit:id="BUSIFPARAM_VALUE.S00_AXI.WIZ_NUM_REG" spirit:minimum="4" spirit:maximum="512" spirit:rangeType="long">4</spirit:value>
        </spirit:parameter>
        <spirit:parameter>
          <spirit:name>SUPPORTS_NARROW_BURST</spirit:name>
          <spirit:value spirit:format="long" spirit:id="BUSIFPARAM_VALUE.S00_AXI.SUPPORTS_NARROW_BURST" spirit:choiceRef="choice_pairs_ce1226b1">0</spirit:value>
        </spirit:parameter>
      </spirit:parameters>
    </spirit:busInterface>
    <spirit:busInterface>
      <spirit:name>S00_AXI_RST</spirit:name>
      <spirit:busType spirit:vendor="xilinx.com" spirit:library="signal" spirit:name="reset" spirit:version="1.0"/>
      <spirit:abstractionType spirit:vendor="xilinx.com" spirit:library="signal" spirit:name="reset_rtl" spirit:version="1.0"/>
      <spirit:slave/>
      <spirit:portMaps>
        <spirit:portMap>
          <spirit:logicalPort>
            <spirit:name>RST</spirit:name>
          </spirit:logicalPort>
          <spirit:physicalPort>
            <spirit:name>s00_axi_aresetn</spirit:name>
          </spirit:physicalPort>
        </spirit:portMap>
      </spirit:portMaps>
      <spirit:parameters>
        <spirit:parameter>
          <spirit:name>POLARITY</spirit:name>
          <spirit:value spirit:id="BUSIFPARAM_VALUE.S00_AXI_RST.POLARITY" spirit:choiceRef="choice_list_9d8b0d81">ACTIVE_LOW</spirit:value>
        </spirit:parameter>
      </spirit:parameters>
    </spirit:busInterface>
    <spirit:busInterface>
      <spirit:name>S00_AXI_CLK</spirit:name>
      <spirit:busType spirit:vendor="xilinx.com" spirit:library="signal" spirit:name="clock" spirit:version="1.0"/>
      <spirit:abstractionType spirit:vendor="xilinx.com" spirit:library="signal" spirit:name="clock_rtl" spirit:version="1.0"/>
      <spirit:slave/>
      <spirit:portMaps>
        <spirit:portMap>
          <spirit:logicalPort>
            <spirit:name>CLK</spirit:name>
          </spirit:logicalPort>
          <spirit:physicalPort>
            <spirit:name>s00_axi_aclk</spirit:name>
          </spirit:physicalPort>
        </spirit:portMap>
      </spirit:portMaps>
      <spirit:parameters>
        <spirit:parameter>
          <spirit:name>ASSOCIATED_BUSIF</spirit:name>
          <spirit:value spirit:id="BUSIFPARAM_VALUE.S00_AXI_CLK.ASSOCIATED_BUSIF">S00_AXI</spirit:value>
        </spirit:parameter>
        <spirit:parameter>
          <spirit:name>ASSOCIATED_RESET</spirit:name>
          <spirit:value spirit:id="BUSIFPARAM_VALUE.S00_AXI_CLK.ASSOCIATED_RESET">s00_axi_aresetn</spirit:value>
        </spirit:parameter>
      </spirit:parameters>
    </spirit:busInterface>
  </spirit:busInterfaces>
  <spirit:memoryMaps>
    <spirit:memoryMap>
      <spirit:name>S00_AXI</spirit:name>
      <spirit:addressBlock>
        <spirit:name>S00_AXI_reg</spirit:name>
        <spirit:baseAddress spirit:format="long" spirit:resolve="user">0</spirit:baseAddress>
        <spirit:range spirit:format="long">4096</spirit:range>
        <spirit:width spirit:format="long">32</spirit:width>
        <spirit:usage>register</spirit:usage>
        <spirit:parameters>
          <spirit:parameter>
            <spirit:name>OFFSET_BASE_PARAM</spirit:name>
            <spirit:value spirit:id="ADDRBLOCKPARAM_VALUE.S00_AXI.S00_AXI_REG.OFFSET_BASE_PARAM">C_S00_AXI_BASEADDR</spirit:value>
          </spirit:parameter>
          <spirit:parameter>
            <spirit:name>OFFSET_HIGH_PARAM</spirit:name>
            <spirit:value spirit:id="ADDRBLOCKPARAM_VALUE.S00_AXI.S00_AXI_REG.OFFSET_HIGH_PARAM">C_S00_AXI_HIGHADDR</spirit:value>
          </spirit:parameter>
        </spirit:parameters>
      </spirit:addressBlock>
    </spirit:memoryMap>
  </spirit:memoryMaps>
  <spirit:model>
    <spirit:views>
      <spirit:view>
        <spirit:name>xilinx_verilogsynthesis</spirit:name>
        <spirit:displayName>Verilog Synthesis</spirit:displayName>
        <spirit:envIdentifier>verilogSource:vivado.xilinx.com:synthesis</spirit:envIdentifier>
        <spirit:language>verilog</spirit:language>
        <spirit:modelName>PWM_w_Int_v1_0</spirit:modelName>
        <spirit:fileSetRef>
          <spirit:localName>xilinx_verilogsynthesis_view_fileset</spirit:localName>
        </spirit:fileSetRef>
        <spirit:parameters>
          <spirit:parameter>
            <spirit:name>viewChecksum</spirit:name>
            <spirit:value>f6d59701</spirit:value>
          </spirit:parameter>
        </spirit:parameters>
      </spirit:view>
      <spirit:view>
        <spirit:name>xilinx_verilogbehavioralsimulation</spirit:name>
        <spirit:displayName>Verilog Simulation</spirit:displayName>
        <spirit:envIdentifier>verilogSource:vivado.xilinx.com:simulation</spirit:envIdentifier>
        <spirit:language>verilog</spirit:language>
        <spirit:modelName>PWM_w_Int_v1_0</spirit:modelName>
        <spirit:fileSetRef>
          <spirit:localName>xilinx_verilogbehavioralsimulation_view_fileset</spirit:localName>
        </spirit:fileSetRef>
        <spirit:parameters>
          <spirit:parameter>
            <spirit:name>viewChecksum</spirit:name>
            <spirit:value>f6d59701</spirit:value>
          </spirit:parameter>
        </spirit:parameters>
      </spirit:view>
      <spirit:view>
        <spirit:name>xilinx_softwaredriver</spirit:name>
        <spirit:displayName>Software Driver</spirit:displayName>
        <spirit:envIdentifier>:vivado.xilinx.com:sw.driver</spirit:envIdentifier>
        <spirit:fileSetRef>
          <spirit:localName>xilinx_softwaredriver_view_fileset</spirit:localName>
        </spirit:fileSetRef>
        <spirit:parameters>
          <spirit:parameter>
            <spirit:name>viewChecksum</spirit:name>
            <spirit:value>739d72a8</spirit:value>
          </spirit:parameter>
        </spirit:parameters>
      </spirit:view>
      <spirit:view>
        <spirit:name>xilinx_xpgui</spirit:name>
        <spirit:displayName>UI Layout</spirit:displayName>
        <spirit:envIdentifier>:vivado.xilinx.com:xgui.ui</spirit:envIdentifier>
        <spirit:fileSetRef>
          <spirit:localName>xilinx_xpgui_view_fileset</spirit:localName>
        </spirit:fileSetRef>
        <spirit:parameters>
          <spirit:parameter>
            <spirit:name>viewChecksum</spirit:name>
            <spirit:value>becdf6c2</spirit:value>
          </spirit:parameter>
        </spirit:parameters>
      </spirit:view>
      <spirit:view>
        <spirit:name>bd_tcl</spirit:name>
        <spirit:displayName>Block Diagram</spirit:displayName>
        <spirit:envIdentifier>:vivado.xilinx.com:block.diagram</spirit:envIdentifier>
        <spirit:fileSetRef>
          <spirit:localName>bd_tcl_view_fileset</spirit:localName>
        </spirit:fileSetRef>
        <spirit:parameters>
          <spirit:parameter>
            <spirit:name>viewChecksum</spirit:name>
            <spirit:value>16328387</spirit:value>
          </spirit:parameter>
        </spirit:parameters>
      </spirit:view>
    </spirit:views>
    <spirit:ports>
      <spirit:port>
        <spirit:name>Interruput_out</spirit:name>
        <spirit:wire>
          <spirit:direction>out</spirit:direction>
          <spirit:wireTypeDefs>
            <spirit:wireTypeDef>
              <spirit:typeName>wire</spirit:typeName>
              <spirit:viewNameRef>xilinx_verilogsynthesis</spirit:viewNameRef>
              <spirit:viewNameRef>xilinx_verilogbehavioralsimulation</spirit:viewNameRef>
            </spirit:wireTypeDef>
          </spirit:wireTypeDefs>
        </spirit:wire>
      </spirit:port>
      <spirit:port>
        <spirit:name>LEDs</spirit:name>
        <spirit:wire>
          <spirit:direction>out</spirit:direction>
          <spirit:vector>
            <spirit:left spirit:format="long">1</spirit:left>
            <spirit:right spirit:format="long">0</spirit:right>
          </spirit:vector>
          <spirit:wireTypeDefs>
            <spirit:wireTypeDef>
              <spirit:typeName>wire</spirit:typeName>
              <spirit:viewNameRef>xilinx_verilogsynthesis</spirit:viewNameRef>
              <spirit:viewNameRef>xilinx_verilogbehavioralsimulation</spirit:viewNameRef>
            </spirit:wireTypeDef>
          </spirit:wireTypeDefs>
        </spirit:wire>
      </spirit:port>
      <spirit:port>
        <spirit:name>s00_axi_aclk</spirit:name>
        <spirit:wire>
          <spirit:direction>in</spirit:direction>
          <spirit:wireTypeDefs>
            <spirit:wireTypeDef>
              <spirit:typeName>wire</spirit:typeName>
              <spirit:viewNameRef>xilinx_verilogsynthesis</spirit:viewNameRef>
              <spirit:viewNameRef>xilinx_verilogbehavioralsimulation</spirit:viewNameRef>
            </spirit:wireTypeDef>
          </spirit:wireTypeDefs>
        </spirit:wire>
      </spirit:port>
      <spirit:port>
        <spirit:name>s00_axi_aresetn</spirit:name>
        <spirit:wire>
          <spirit:direction>in</spirit:direction>
          <spirit:wireTypeDefs>
            <spirit:wireTypeDef>
              <spirit:typeName>wire</spirit:typeName>
              <spirit:viewNameRef>xilinx_verilogsynthesis</spirit:viewNameRef>
              <spirit:viewNameRef>xilinx_verilogbehavioralsimulation</spirit:viewNameRef>
            </spirit:wireTypeDef>
          </spirit:wireTypeDefs>
        </spirit:wire>
      </spirit:port>
      <spirit:port>
        <spirit:name>s00_axi_awaddr</spirit:name>
        <spirit:wire>
          <spirit:direction>in</spirit:direction>
          <spirit:vector>
            <spirit:left spirit:format="long" spirit:resolve="dependent" spirit:dependency="(spirit:decode(id(&apos;MODELPARAM_VALUE.C_S00_AXI_ADDR_WIDTH&apos;)) - 1)">3</spirit:left>
            <spirit:right spirit:format="long">0</spirit:right>
          </spirit:vector>
          <spirit:wireTypeDefs>
            <spirit:wireTypeDef>
              <spirit:typeName>wire</spirit:typeName>
              <spirit:viewNameRef>xilinx_verilogsynthesis</spirit:viewNameRef>
              <spirit:viewNameRef>xilinx_verilogbehavioralsimulation</spirit:viewNameRef>
            </spirit:wireTypeDef>
          </spirit:wireTypeDefs>
        </spirit:wire>
      </spirit:port>
      <spirit:port>
        <spirit:name>s00_axi_awprot</spirit:name>
        <spirit:wire>
          <spirit:direction>in</spirit:direction>
          <spirit:vector>
            <spirit:left spirit:format="long">2</spirit:left>
            <spirit:right spirit:format="long">0</spirit:right>
          </spirit:vector>
          <spirit:wireTypeDefs>
            <spirit:wireTypeDef>
              <spirit:typeName>wire</spirit:typeName>
              <spirit:viewNameRef>xilinx_verilogsynthesis</spirit:viewNameRef>
              <spirit:viewNameRef>xilinx_verilogbehavioralsimulation</spirit:viewNameRef>
            </spirit:wireTypeDef>
          </spirit:wireTypeDefs>
        </spirit:wire>
      </spirit:port>
      <spirit:port>
        <spirit:name>s00_axi_awvalid</spirit:name>
        <spirit:wire>
          <spirit:direction>in</spirit:direction>
          <spirit:wireTypeDefs>
            <spirit:wireTypeDef>
              <spirit:typeName>wire</spirit:typeName>
              <spirit:viewNameRef>xilinx_verilogsynthesis</spirit:viewNameRef>
              <spirit:viewNameRef>xilinx_verilogbehavioralsimulation</spirit:viewNameRef>
            </spirit:wireTypeDef>
          </spirit:wireTypeDefs>
        </spirit:wire>
      </spirit:port>
      <spirit:port>
        <spirit:name>s00_axi_awready</spirit:name>
        <spirit:wire>
          <spirit:direction>out</spirit:direction>
          <spirit:wireTypeDefs>
            <spirit:wireTypeDef>
              <spirit:typeName>wire</spirit:typeName>
              <spirit:viewNameRef>xilinx_verilogsynthesis</spirit:viewNameRef>
              <spirit:viewNameRef>xilinx_verilogbehavioralsimulation</spirit:viewNameRef>
            </spirit:wireTypeDef>
          </spirit:wireTypeDefs>
        </spirit:wire>
      </spirit:port>
      <spirit:port>
        <spirit:name>s00_axi_wdata</spirit:name>
        <spirit:wire>
          <spirit:direction>in</spirit:direction>
          <spirit:vector>
            <spirit:left spirit:format="long" spirit:resolve="dependent" spirit:dependency="(spirit:decode(id(&apos;MODELPARAM_VALUE.C_S00_AXI_DATA_WIDTH&apos;)) - 1)">31</spirit:left>
            <spirit:right spirit:format="long">0</spirit:right>
          </spirit:vector>
          <spirit:wireTypeDefs>
            <spirit:wireTypeDef>
              <spirit:typeName>wire</spirit:typeName>
              <spirit:viewNameRef>xilinx_verilogsynthesis</spirit:viewNameRef>
              <spirit:viewNameRef>xilinx_verilogbehavioralsimulation</spirit:viewNameRef>
            </spirit:wireTypeDef>
          </spirit:wireTypeDefs>
        </spirit:wire>
      </spirit:port>
      <spirit:port>
        <spirit:name>s00_axi_wstrb</spirit:name>
        <spirit:wire>
          <spirit:direction>in</spirit:direction>
          <spirit:vector>
            <spirit:left spirit:format="long" spirit:resolve="dependent" spirit:dependency="((spirit:decode(id(&apos;MODELPARAM_VALUE.C_S00_AXI_DATA_WIDTH&apos;)) / 8) - 1)">3</spirit:left>
            <spirit:right spirit:format="long">0</spirit:right>
          </spirit:vector>
          <spirit:wireTypeDefs>
            <spirit:wireTypeDef>
              <spirit:typeName>wire</spirit:typeName>
              <spirit:viewNameRef>xilinx_verilogsynthesis</spirit:viewNameRef>
              <spirit:viewNameRef>xilinx_verilogbehavioralsimulation</spirit:viewNameRef>
            </spirit:wireTypeDef>
          </spirit:wireTypeDefs>
        </spirit:wire>
      </spirit:port>
      <spirit:port>
        <spirit:name>s00_axi_wvalid</spirit:name>
        <spirit:wire>
          <spirit:direction>in</spirit:direction>
          <spirit:wireTypeDefs>
            <spirit:wireTypeDef>
              <spirit:typeName>wire</spirit:typeName>
              <spirit:viewNameRef>xilinx_verilogsynthesis</spirit:viewNameRef>
              <spirit:viewNameRef>xilinx_verilogbehavioralsimulation</spirit:viewNameRef>
            </spirit:wireTypeDef>
          </spirit:wireTypeDefs>
        </spirit:wire>
      </spirit:port>
      <spirit:port>
        <spirit:name>s00_axi_wready</spirit:name>
        <spirit:wire>
          <spirit:direction>out</spirit:direction>
          <spirit:wireTypeDefs>
            <spirit:wireTypeDef>
              <spirit:typeName>wire</spirit:typeName>
              <spirit:viewNameRef>xilinx_verilogsynthesis</spirit:viewNameRef>
              <spirit:viewNameRef>xilinx_verilogbehavioralsimulation</spirit:viewNameRef>
            </spirit:wireTypeDef>
          </spirit:wireTypeDefs>
        </spirit:wire>
      </spirit:port>
      <spirit:port>
        <spirit:name>s00_axi_bresp</spirit:name>
        <spirit:wire>
          <spirit:direction>out</spirit:direction>
          <spirit:vector>
            <spirit:left spirit:format="long">1</spirit:left>
            <spirit:right spirit:format="long">0</spirit:right>
          </spirit:vector>
          <spirit:wireTypeDefs>
            <spirit:wireTypeDef>
              <spirit:typeName>wire</spirit:typeName>
              <spirit:viewNameRef>xilinx_verilogsynthesis</spirit:viewNameRef>
              <spirit:viewNameRef>xilinx_verilogbehavioralsimulation</spirit:viewNameRef>
            </spirit:wireTypeDef>
          </spirit:wireTypeDefs>
        </spirit:wire>
      </spirit:port>
      <spirit:port>
        <spirit:name>s00_axi_bvalid</spirit:name>
        <spirit:wire>
          <spirit:direction>out</spirit:direction>
          <spirit:wireTypeDefs>
            <spirit:wireTypeDef>
              <spirit:typeName>wire</spirit:typeName>
              <spirit:viewNameRef>xilinx_verilogsynthesis</spirit:viewNameRef>
              <spirit:viewNameRef>xilinx_verilogbehavioralsimulation</spirit:viewNameRef>
            </spirit:wireTypeDef>
          </spirit:wireTypeDefs>
        </spirit:wire>
      </spirit:port>
      <spirit:port>
        <spirit:name>s00_axi_bready</spirit:name>
        <spirit:wire>
          <spirit:direction>in</spirit:direction>
          <spirit:wireTypeDefs>
            <spirit:wireTypeDef>
              <spirit:typeName>wire</spirit:typeName>
              <spirit:viewNameRef>xilinx_verilogsynthesis</spirit:viewNameRef>
              <spirit:viewNameRef>xilinx_verilogbehavioralsimulation</spirit:viewNameRef>
            </spirit:wireTypeDef>
          </spirit:wireTypeDefs>
        </spirit:wire>
      </spirit:port>
      <spirit:port>
        <spirit:name>s00_axi_araddr</spirit:name>
        <spirit:wire>
          <spirit:direction>in</spirit:direction>
          <spirit:vector>
            <spirit:left spirit:format="long" spirit:resolve="dependent" spirit:dependency="(spirit:decode(id(&apos;MODELPARAM_VALUE.C_S00_AXI_ADDR_WIDTH&apos;)) - 1)">3</spirit:left>
            <spirit:right spirit:format="long">0</spirit:right>
          </spirit:vector>
          <spirit:wireTypeDefs>
            <spirit:wireTypeDef>
              <spirit:typeName>wire</spirit:typeName>
              <spirit:viewNameRef>xilinx_verilogsynthesis</spirit:viewNameRef>
              <spirit:viewNameRef>xilinx_verilogbehavioralsimulation</spirit:viewNameRef>
            </spirit:wireTypeDef>
          </spirit:wireTypeDefs>
        </spirit:wire>
      </spirit:port>
      <spirit:port>
        <spirit:name>s00_axi_arprot</spirit:name>
        <spirit:wire>
          <spirit:direction>in</spirit:direction>
          <spirit:vector>
            <spirit:left spirit:format="long">2</spirit:left>
            <spirit:right spirit:format="long">0</spirit:right>
          </spirit:vector>
          <spirit:wireTypeDefs>
            <spirit:wireTypeDef>
              <spirit:typeName>wire</spirit:typeName>
              <spirit:viewNameRef>xilinx_verilogsynthesis</spirit:viewNameRef>
              <spirit:viewNameRef>xilinx_verilogbehavioralsimulation</spirit:viewNameRef>
            </spirit:wireTypeDef>
          </spirit:wireTypeDefs>
        </spirit:wire>
      </spirit:port>
      <spirit:port>
        <spirit:name>s00_axi_arvalid</spirit:name>
        <spirit:wire>
          <spirit:direction>in</spirit:direction>
          <spirit:wireTypeDefs>
            <spirit:wireTypeDef>
              <spirit:typeName>wire</spirit:typeName>
              <spirit:viewNameRef>xilinx_verilogsynthesis</spirit:viewNameRef>
              <spirit:viewNameRef>xilinx_verilogbehavioralsimulation</spirit:viewNameRef>
            </spirit:wireTypeDef>
          </spirit:wireTypeDefs>
        </spirit:wire>
      </spirit:port>
      <spirit:port>
        <spirit:name>s00_axi_arready</spirit:name>
        <spirit:wire>
          <spirit:direction>out</spirit:direction>
          <spirit:wireTypeDefs>
            <spirit:wireTypeDef>
              <spirit:typeName>wire</spirit:typeName>
              <spirit:viewNameRef>xilinx_verilogsynthesis</spirit:viewNameRef>
              <spirit:viewNameRef>xilinx_verilogbehavioralsimulation</spirit:viewNameRef>
            </spirit:wireTypeDef>
          </spirit:wireTypeDefs>
        </spirit:wire>
      </spirit:port>
      <spirit:port>
        <spirit:name>s00_axi_rdata</spirit:name>
        <spirit:wire>
          <spirit:direction>out</spirit:direction>
          <spirit:vector>
            <spirit:left spirit:format="long" spirit:resolve="dependent" spirit:dependency="(spirit:decode(id(&apos;MODELPARAM_VALUE.C_S00_AXI_DATA_WIDTH&apos;)) - 1)">31</spirit:left>
            <spirit:right spirit:format="long">0</spirit:right>
          </spirit:vector>
          <spirit:wireTypeDefs>
            <spirit:wireTypeDef>
              <spirit:typeName>wire</spirit:typeName>
              <spirit:viewNameRef>xilinx_verilogsynthesis</spirit:viewNameRef>
              <spirit:viewNameRef>xilinx_verilogbehavioralsimulation</spirit:viewNameRef>
            </spirit:wireTypeDef>
          </spirit:wireTypeDefs>
        </spirit:wire>
      </spirit:port>
      <spirit:port>
        <spirit:name>s00_axi_rresp</spirit:name>
        <spirit:wire>
          <spirit:direction>out</spirit:direction>
          <spirit:vector>
            <spirit:left spirit:format="long">1</spirit:left>
            <spirit:right spirit:format="long">0</spirit:right>
          </spirit:vector>
          <spirit:wireTypeDefs>
            <spirit:wireTypeDef>
              <spirit:typeName>wire</spirit:typeName>
              <spirit:viewNameRef>xilinx_verilogsynthesis</spirit:viewNameRef>
              <spirit:viewNameRef>xilinx_verilogbehavioralsimulation</spirit:viewNameRef>
            </spirit:wireTypeDef>
          </spirit:wireTypeDefs>
        </spirit:wire>
      </spirit:port>
      <spirit:port>
        <spirit:name>s00_axi_rvalid</spirit:name>
        <spirit:wire>
          <spirit:direction>out</spirit:direction>
          <spirit:wireTypeDefs>
            <spirit:wireTypeDef>
              <spirit:typeName>wire</spirit:typeName>
              <spirit:viewNameRef>xilinx_verilogsynthesis</spirit:viewNameRef>
              <spirit:viewNameRef>xilinx_verilogbehavioralsimulation</spirit:viewNameRef>
            </spirit:wireTypeDef>
          </spirit:wireTypeDefs>
        </spirit:wire>
      </spirit:port>
      <spirit:port>
        <spirit:name>s00_axi_rready</spirit:name>
        <spirit:wire>
          <spirit:direction>in</spirit:direction>
          <spirit:wireTypeDefs>
            <spirit:wireTypeDef>
              <spirit:typeName>wire</spirit:typeName>
              <spirit:viewNameRef>xilinx_verilogsynthesis</spirit:viewNameRef>
              <spirit:viewNameRef>xilinx_verilogbehavioralsimulation</spirit:viewNameRef>
            </spirit:wireTypeDef>
          </spirit:wireTypeDefs>
        </spirit:wire>
      </spirit:port>
    </spirit:ports>
    <spirit:modelParameters>
      <spirit:modelParameter xsi:type="spirit:nameValueTypeType" spirit:dataType="integer">
        <spirit:name>C_S00_AXI_DATA_WIDTH</spirit:name>
        <spirit:displayName>C S00 AXI DATA WIDTH</spirit:displayName>
        <spirit:description>Width of S_AXI data bus</spirit:description>
        <spirit:value spirit:format="long" spirit:resolve="generated" spirit:id="MODELPARAM_VALUE.C_S00_AXI_DATA_WIDTH" spirit:order="3" spirit:rangeType="long">32</spirit:value>
      </spirit:modelParameter>
      <spirit:modelParameter spirit:dataType="integer">
        <spirit:name>C_S00_AXI_ADDR_WIDTH</spirit:name>
        <spirit:displayName>C S00 AXI ADDR WIDTH</spirit:displayName>
        <spirit:description>Width of S_AXI address bus</spirit:description>
        <spirit:value spirit:format="long" spirit:resolve="generated" spirit:id="MODELPARAM_VALUE.C_S00_AXI_ADDR_WIDTH" spirit:order="4" spirit:rangeType="long">4</spirit:value>
      </spirit:modelParameter>
      <spirit:modelParameter spirit:dataType="integer">
        <spirit:name>PWM_PERIOD</spirit:name>
        <spirit:displayName>Pwm Period</spirit:displayName>
        <spirit:value spirit:format="long" spirit:resolve="generated" spirit:id="MODELPARAM_VALUE.PWM_PERIOD">20</spirit:value>
      </spirit:modelParameter>
    </spirit:modelParameters>
  </spirit:model>
  <spirit:choices>
    <spirit:choice>
      <spirit:name>choice_list_6fc15197</spirit:name>
      <spirit:enumeration>32</spirit:enumeration>
    </spirit:choice>
    <spirit:choice>
      <spirit:name>choice_list_9d8b0d81</spirit:name>
      <spirit:enumeration>ACTIVE_HIGH</spirit:enumeration>
      <spirit:enumeration>ACTIVE_LOW</spirit:enumeration>
    </spirit:choice>
    <spirit:choice>
      <spirit:name>choice_pairs_ce1226b1</spirit:name>
      <spirit:enumeration spirit:text="true">1</spirit:enumeration>
      <spirit:enumeration spirit:text="false">0</spirit:enumeration>
    </spirit:choice>
  </spirit:choices>
  <spirit:fileSets>
    <spirit:fileSet>
      <spirit:name>xilinx_verilogsynthesis_view_fileset</spirit:name>
      <spirit:file>
        <spirit:name>hdl/PWM_Controller_Int.v</spirit:name>
        <spirit:fileType>verilogSource</spirit:fileType>
      </spirit:file>
      <spirit:file>
        <spirit:name>hdl/PWM_w_Int_v1_0_S00_AXI.v</spirit:name>
        <spirit:fileType>verilogSource</spirit:fileType>
      </spirit:file>
      <spirit:file>
        <spirit:name>hdl/PWM_w_Int_v1_0.v</spirit:name>
        <spirit:fileType>verilogSource</spirit:fileType>
        <spirit:userFileType>CHECKSUM_7201c134</spirit:userFileType>
      </spirit:file>
    </spirit:fileSet>
    <spirit:fileSet>
      <spirit:name>xilinx_verilogbehavioralsimulation_view_fileset</spirit:name>
      <spirit:file>
        <spirit:name>hdl/PWM_Controller_Int.v</spirit:name>
        <spirit:fileType>verilogSource</spirit:fileType>
      </spirit:file>
      <spirit:file>
        <spirit:name>hdl/PWM_w_Int_v1_0_S00_AXI.v</spirit:name>
        <spirit:fileType>verilogSource</spirit:fileType>
      </spirit:file>
      <spirit:file>
        <spirit:name>hdl/PWM_w_Int_v1_0.v</spirit:name>
        <spirit:fileType>verilogSource</spirit:fileType>
      </spirit:file>
    </spirit:fileSet>
    <spirit:fileSet>
      <spirit:name>xilinx_softwaredriver_view_fileset</spirit:name>
      <spirit:file>
        <spirit:name>drivers/PWM_w_Int_v1_0/data/PWM_w_Int.mdd</spirit:name>
        <spirit:userFileType>mdd</spirit:userFileType>
        <spirit:userFileType>driver_mdd</spirit:userFileType>
      </spirit:file>
      <spirit:file>
        <spirit:name>drivers/PWM_w_Int_v1_0/data/PWM_w_Int.tcl</spirit:name>
        <spirit:fileType>tclSource</spirit:fileType>
        <spirit:userFileType>driver_tcl</spirit:userFileType>
      </spirit:file>
      <spirit:file>
        <spirit:name>drivers/PWM_w_Int_v1_0/src/Makefile</spirit:name>
        <spirit:userFileType>driver_src</spirit:userFileType>
      </spirit:file>
      <spirit:file>
        <spirit:name>drivers/PWM_w_Int_v1_0/src/PWM_w_Int.h</spirit:name>
        <spirit:fileType>cSource</spirit:fileType>
        <spirit:userFileType>driver_src</spirit:userFileType>
      </spirit:file>
      <spirit:file>
        <spirit:name>drivers/PWM_w_Int_v1_0/src/PWM_w_Int.c</spirit:name>
        <spirit:fileType>cSource</spirit:fileType>
        <spirit:userFileType>driver_src</spirit:userFileType>
      </spirit:file>
      <spirit:file>
        <spirit:name>drivers/PWM_w_Int_v1_0/src/PWM_w_Int_selftest.c</spirit:name>
        <spirit:fileType>cSource</spirit:fileType>
        <spirit:userFileType>driver_src</spirit:userFileType>
      </spirit:file>
    </spirit:fileSet>
    <spirit:fileSet>
      <spirit:name>xilinx_xpgui_view_fileset</spirit:name>
      <spirit:file>
        <spirit:name>xgui/PWM_w_Int_v1_0.tcl</spirit:name>
        <spirit:fileType>tclSource</spirit:fileType>
        <spirit:userFileType>CHECKSUM_becdf6c2</spirit:userFileType>
        <spirit:userFileType>XGUI_VERSION_2</spirit:userFileType>
      </spirit:file>
    </spirit:fileSet>
    <spirit:fileSet>
      <spirit:name>bd_tcl_view_fileset</spirit:name>
      <spirit:file>
        <spirit:name>bd/bd.tcl</spirit:name>
        <spirit:fileType>tclSource</spirit:fileType>
      </spirit:file>
    </spirit:fileSet>
  </spirit:fileSets>
  <spirit:description>My new AXI IP</spirit:description>
  <spirit:parameters>
    <spirit:parameter>
      <spirit:name>C_S00_AXI_DATA_WIDTH</spirit:name>
      <spirit:displayName>C S00 AXI DATA WIDTH</spirit:displayName>
      <spirit:description>Width of S_AXI data bus</spirit:description>
      <spirit:value spirit:format="long" spirit:resolve="user" spirit:id="PARAM_VALUE.C_S00_AXI_DATA_WIDTH" spirit:choiceRef="choice_list_6fc15197" spirit:order="3">32</spirit:value>
      <spirit:vendorExtensions>
        <xilinx:parameterInfo>
          <xilinx:enablement>
            <xilinx:isEnabled xilinx:id="PARAM_ENABLEMENT.C_S00_AXI_DATA_WIDTH">false</xilinx:isEnabled>
          </xilinx:enablement>
        </xilinx:parameterInfo>
      </spirit:vendorExtensions>
    </spirit:parameter>
    <spirit:parameter>
      <spirit:name>C_S00_AXI_ADDR_WIDTH</spirit:name>
      <spirit:displayName>C S00 AXI ADDR WIDTH</spirit:displayName>
      <spirit:description>Width of S_AXI address bus</spirit:description>
      <spirit:value spirit:format="long" spirit:resolve="user" spirit:id="PARAM_VALUE.C_S00_AXI_ADDR_WIDTH" spirit:order="4" spirit:rangeType="long">4</spirit:value>
      <spirit:vendorExtensions>
        <xilinx:parameterInfo>
          <xilinx:enablement>
            <xilinx:isEnabled xilinx:id="PARAM_ENABLEMENT.C_S00_AXI_ADDR_WIDTH">false</xilinx:isEnabled>
          </xilinx:enablement>
        </xilinx:parameterInfo>
      </spirit:vendorExtensions>
    </spirit:parameter>
    <spirit:parameter>
      <spirit:name>C_S00_AXI_BASEADDR</spirit:name>
      <spirit:displayName>C S00 AXI BASEADDR</spirit:displayName>
      <spirit:value spirit:format="bitString" spirit:resolve="user" spirit:id="PARAM_VALUE.C_S00_AXI_BASEADDR" spirit:order="5" spirit:bitStringLength="32">0xFFFFFFFF</spirit:value>
      <spirit:vendorExtensions>
        <xilinx:parameterInfo>
          <xilinx:enablement>
            <xilinx:isEnabled xilinx:id="PARAM_ENABLEMENT.C_S00_AXI_BASEADDR">false</xilinx:isEnabled>
          </xilinx:enablement>
        </xilinx:parameterInfo>
      </spirit:vendorExtensions>
    </spirit:parameter>
    <spirit:parameter>
      <spirit:name>C_S00_AXI_HIGHADDR</spirit:name>
      <spirit:displayName>C S00 AXI HIGHADDR</spirit:displayName>
      <spirit:value spirit:format="bitString" spirit:resolve="user" spirit:id="PARAM_VALUE.C_S00_AXI_HIGHADDR" spirit:order="6" spirit:bitStringLength="32">0x00000000</spirit:value>
      <spirit:vendorExtensions>
        <xilinx:parameterInfo>
          <xilinx:enablement>
            <xilinx:isEnabled xilinx:id="PARAM_ENABLEMENT.C_S00_AXI_HIGHADDR">false</xilinx:isEnabled>
          </xilinx:enablement>
        </xilinx:parameterInfo>
      </spirit:vendorExtensions>
    </spirit:parameter>
    <spirit:parameter>
      <spirit:name>Component_Name</spirit:name>
      <spirit:value spirit:resolve="user" spirit:id="PARAM_VALUE.Component_Name" spirit:order="1">PWM_w_Int_v1_0</spirit:value>
    </spirit:parameter>
    <spirit:parameter>
      <spirit:name>PWM_PERIOD</spirit:name>
      <spirit:displayName>Pwm Period</spirit:displayName>
      <spirit:value spirit:format="long" spirit:resolve="user" spirit:id="PARAM_VALUE.PWM_PERIOD">20</spirit:value>
    </spirit:parameter>
  </spirit:parameters>
  <spirit:vendorExtensions>
    <xilinx:coreExtensions>
      <xilinx:supportedFamilies>
        <xilinx:family xilinx:lifeCycle="Pre-Production">artix7</xilinx:family>
        <xilinx:family xilinx:lifeCycle="Beta">artix7l</xilinx:family>
        <xilinx:family xilinx:lifeCycle="Beta">qartix7</xilinx:family>
        <xilinx:family xilinx:lifeCycle="Beta">qkintex7</xilinx:family>
        <xilinx:family xilinx:lifeCycle="Beta">qkintex7l</xilinx:family>
        <xilinx:family xilinx:lifeCycle="Beta">kintexu</xilinx:family>
        <xilinx:family xilinx:lifeCycle="Beta">kintexuplus</xilinx:family>
        <xilinx:family xilinx:lifeCycle="Beta">qvirtex7</xilinx:family>
        <xilinx:family xilinx:lifeCycle="Beta">virtexuplus</xilinx:family>
        <xilinx:family xilinx:lifeCycle="Beta">qzynq</xilinx:family>
        <xilinx:family xilinx:lifeCycle="Beta">zynquplus</xilinx:family>
        <xilinx:family xilinx:lifeCycle="Beta">kintex7</xilinx:family>
        <xilinx:family xilinx:lifeCycle="Beta">kintex7l</xilinx:family>
        <xilinx:family xilinx:lifeCycle="Beta">spartan7</xilinx:family>
        <xilinx:family xilinx:lifeCycle="Beta">virtex7</xilinx:family>
        <xilinx:family xilinx:lifeCycle="Beta">virtexu</xilinx:family>
        <xilinx:family xilinx:lifeCycle="Beta">virtexuplus58g</xilinx:family>
        <xilinx:family xilinx:lifeCycle="Beta">virtexuplusHBM</xilinx:family>
        <xilinx:family xilinx:lifeCycle="Beta">aartix7</xilinx:family>
        <xilinx:family xilinx:lifeCycle="Beta">akintex7</xilinx:family>
        <xilinx:family xilinx:lifeCycle="Beta">aspartan7</xilinx:family>
        <xilinx:family xilinx:lifeCycle="Beta">azynq</xilinx:family>
        <xilinx:family xilinx:lifeCycle="Beta">zynq</xilinx:family>
      </xilinx:supportedFamilies>
      <xilinx:taxonomies>
        <xilinx:taxonomy>AXI_Peripheral</xilinx:taxonomy>
      </xilinx:taxonomies>
      <xilinx:displayName>PWM_w_Int_v1.0</xilinx:displayName>
      <xilinx:coreRevision>7</xilinx:coreRevision>
      <xilinx:coreCreationDateTime>2024-05-07T00:50:46Z</xilinx:coreCreationDateTime>
      <xilinx:tags>
        <xilinx:tag xilinx:name="ui.data.coregen.dd@4b107ff2_ARCHIVE_LOCATION">c:/workspace/Mipsfpga_soc/ip_repo/PWM_w_Int_1.0</xilinx:tag>
        <xilinx:tag xilinx:name="ui.data.coregen.dd@231abcc8_ARCHIVE_LOCATION">c:/workspace/Mipsfpga_soc/ip_repo/PWM_w_Int_1.0</xilinx:tag>
        <xilinx:tag xilinx:name="ui.data.coregen.dd@34962959_ARCHIVE_LOCATION">c:/workspace/Mipsfpga_soc/ip_repo/PWM_w_Int_1.0</xilinx:tag>
        <xilinx:tag xilinx:name="ui.data.coregen.dd@44ff72a9_ARCHIVE_LOCATION">c:/workspace/Mipsfpga_soc/ip_repo/PWM_w_Int_1.0</xilinx:tag>
        <xilinx:tag xilinx:name="ui.data.coregen.dd@675cf347_ARCHIVE_LOCATION">c:/workspace/Mipsfpga_soc/ip_repo/PWM_w_Int_1.0</xilinx:tag>
        <xilinx:tag xilinx:name="ui.data.coregen.dd@28578295_ARCHIVE_LOCATION">c:/workspace/Mipsfpga_soc/ip_repo/PWM_w_Int_1.0</xilinx:tag>
        <xilinx:tag xilinx:name="ui.data.coregen.dd@2b51f4e7_ARCHIVE_LOCATION">c:/workspace/Mipsfpga_soc/ip_repo/PWM_w_Int_1</xilinx:tag>
        <xilinx:tag xilinx:name="ui.data.coregen.dd@1cbca291_ARCHIVE_LOCATION">c:/workspace/Mipsfpga_soc/ip_repo/PWM_w_Int_1</xilinx:tag>
        <xilinx:tag xilinx:name="ui.data.coregen.dd@7bcc0bff_ARCHIVE_LOCATION">c:/workspace/Mipsfpga_soc/ip_repo/PWM_w_Int_1</xilinx:tag>
        <xilinx:tag xilinx:name="ui.data.coregen.dd@bfb0d20_ARCHIVE_LOCATION">c:/workspace/Mipsfpga_soc/ip_repo/PWM_w_Int_1</xilinx:tag>
        <xilinx:tag xilinx:name="ui.data.coregen.dd@740cd811_ARCHIVE_LOCATION">c:/workspace/Mipsfpga_soc/ip_repo/PWM_w_Int_1</xilinx:tag>
        <xilinx:tag xilinx:name="ui.data.coregen.dd@4f3ad98d_ARCHIVE_LOCATION">c:/workspace/Mipsfpga_soc/ip_repo/PWM_w_Int_1</xilinx:tag>
        <xilinx:tag xilinx:name="ui.data.coregen.dd@244b8b7e_ARCHIVE_LOCATION">c:/workspace/Mipsfpga_soc/ip_repo/PWM_w_Int_1</xilinx:tag>
        <xilinx:tag xilinx:name="ui.data.coregen.dd@d2fc90c_ARCHIVE_LOCATION">c:/workspace/Mipsfpga_soc/ip_repo/PWM_w_Int_1</xilinx:tag>
        <xilinx:tag xilinx:name="ui.data.coregen.dd@3345f9dc_ARCHIVE_LOCATION">c:/workspace/Mipsfpga_soc/ip_repo/PWM_w_Int_1</xilinx:tag>
        <xilinx:tag xilinx:name="ui.data.coregen.dd@764d605d_ARCHIVE_LOCATION">c:/workspace/Mipsfpga_soc/ip_repo/PWM_w_Int_1</xilinx:tag>
        <xilinx:tag xilinx:name="ui.data.coregen.dd@673bb9e5_ARCHIVE_LOCATION">c:/workspace/Mipsfpga_soc/ip_repo/PWM_w_Int_1</xilinx:tag>
        <xilinx:tag xilinx:name="ui.data.coregen.dd@284d0f6d_ARCHIVE_LOCATION">c:/workspace/Mipsfpga_soc/ip_repo/PWM_w_Int_1</xilinx:tag>
        <xilinx:tag xilinx:name="ui.data.coregen.dd@64639eb0_ARCHIVE_LOCATION">c:/workspace/Mipsfpga_soc/ip_repo/PWM_w_Int_1</xilinx:tag>
        <xilinx:tag xilinx:name="ui.data.coregen.dd@351d5ee0_ARCHIVE_LOCATION">c:/workspace/Mipsfpga_soc/ip_repo/PWM_w_Int_1</xilinx:tag>
        <xilinx:tag xilinx:name="ui.data.coregen.dd@4a63d581_ARCHIVE_LOCATION">c:/workspace/Mipsfpga_soc/ip_repo/PWM_w_Int_1</xilinx:tag>
        <xilinx:tag xilinx:name="ui.data.coregen.dd@113d75e2_ARCHIVE_LOCATION">c:/workspace/Mipsfpga_soc/ip_repo/PWM_w_Int_1</xilinx:tag>
        <xilinx:tag xilinx:name="ui.data.coregen.dd@4103ced7_ARCHIVE_LOCATION">c:/workspace/Mipsfpga_soc/ip_repo/PWM_w_Int_1</xilinx:tag>
        <xilinx:tag xilinx:name="ui.data.coregen.dd@62d2bdb5_ARCHIVE_LOCATION">c:/workspace/Mipsfpga_soc/ip_repo/PWM_w_Int_1</xilinx:tag>
        <xilinx:tag xilinx:name="ui.data.coregen.dd@75d83fec_ARCHIVE_LOCATION">c:/workspace/Mipsfpga_soc/ip_repo/PWM_w_Int_1</xilinx:tag>
        <xilinx:tag xilinx:name="ui.data.coregen.dd@1bb12b20_ARCHIVE_LOCATION">c:/workspace/Mipsfpga_soc/ip_repo/PWM_w_Int_1</xilinx:tag>
        <xilinx:tag xilinx:name="ui.data.coregen.dd@30675f9a_ARCHIVE_LOCATION">c:/workspace/Mipsfpga_soc/ip_repo/PWM_w_Int_1</xilinx:tag>
        <xilinx:tag xilinx:name="ui.data.coregen.dd@55e7f7ac_ARCHIVE_LOCATION">c:/workspace/Mipsfpga_soc/ip_repo/PWM_w_Int_1</xilinx:tag>
        <xilinx:tag xilinx:name="ui.data.coregen.dd@11662a9f_ARCHIVE_LOCATION">c:/workspace/Mipsfpga_soc/ip_repo/PWM_w_Int_1</xilinx:tag>
        <xilinx:tag xilinx:name="ui.data.coregen.dd@477d3942_ARCHIVE_LOCATION">c:/workspace/Mipsfpga_soc/ip_repo/PWM_w_Int_1</xilinx:tag>
        <xilinx:tag xilinx:name="ui.data.coregen.dd@7512153d_ARCHIVE_LOCATION">c:/workspace/Mipsfpga_soc/ip_repo/PWM_w_Int_1</xilinx:tag>
        <xilinx:tag xilinx:name="ui.data.coregen.dd@7faf96e5_ARCHIVE_LOCATION">c:/workspace/Mipsfpga_soc/ip_repo/PWM_w_Int_1</xilinx:tag>
        <xilinx:tag xilinx:name="ui.data.coregen.dd@38d2cb9_ARCHIVE_LOCATION">c:/workspace/Mipsfpga_soc/ip_repo/PWM_w_Int_1</xilinx:tag>
        <xilinx:tag xilinx:name="ui.data.coregen.dd@2401a911_ARCHIVE_LOCATION">c:/workspace/Mipsfpga_soc/ip_repo/PWM_w_Int_1</xilinx:tag>
        <xilinx:tag xilinx:name="ui.data.coregen.dd@c56f2c7_ARCHIVE_LOCATION">c:/workspace/Mipsfpga_soc/ip_repo/PWM_w_Int_1</xilinx:tag>
        <xilinx:tag xilinx:name="ui.data.coregen.dd@4c8200d7_ARCHIVE_LOCATION">c:/workspace/Mipsfpga_soc/ip_repo/PWM_w_Int_1</xilinx:tag>
        <xilinx:tag xilinx:name="ui.data.coregen.dd@27465ba3_ARCHIVE_LOCATION">c:/workspace/Mipsfpga_soc/ip_repo/PWM_w_Int_1</xilinx:tag>
        <xilinx:tag xilinx:name="ui.data.coregen.dd@fe31e5f_ARCHIVE_LOCATION">c:/workspace/Mipsfpga_soc/ip_repo/PWM_w_Int_1</xilinx:tag>
        <xilinx:tag xilinx:name="ui.data.coregen.dd@e37ac24_ARCHIVE_LOCATION">c:/workspace/Mipsfpga_soc/ip_repo/PWM_w_Int_1</xilinx:tag>
        <xilinx:tag xilinx:name="ui.data.coregen.dd@3ab7e7de_ARCHIVE_LOCATION">c:/workspace/Mipsfpga_soc/ip_repo/PWM_w_Int_1</xilinx:tag>
        <xilinx:tag xilinx:name="ui.data.coregen.dd@2f892407_ARCHIVE_LOCATION">c:/workspace/Mipsfpga_soc/ip_repo/PWM_w_Int_1</xilinx:tag>
        <xilinx:tag xilinx:name="ui.data.coregen.dd@366bbe53_ARCHIVE_LOCATION">c:/workspace/Mipsfpga_soc/ip_repo/PWM_w_Int_1</xilinx:tag>
        <xilinx:tag xilinx:name="ui.data.coregen.dd@772c9f89_ARCHIVE_LOCATION">c:/workspace/Mipsfpga_soc/ip_repo/PWM_w_Int_1</xilinx:tag>
        <xilinx:tag xilinx:name="ui.data.coregen.dd@285f5bde_ARCHIVE_LOCATION">c:/workspace/Mipsfpga_soc/ip_repo/PWM_w_Int_1</xilinx:tag>
        <xilinx:tag xilinx:name="ui.data.coregen.dd@65036cb0_ARCHIVE_LOCATION">c:/workspace/Mipsfpga_soc/ip_repo/PWM_w_Int_1</xilinx:tag>
        <xilinx:tag xilinx:name="ui.data.coregen.dd@35afcaca_ARCHIVE_LOCATION">c:/workspace/Mipsfpga_soc/ip_repo/PWM_w_Int_1</xilinx:tag>
        <xilinx:tag xilinx:name="ui.data.coregen.dd@9452c5d_ARCHIVE_LOCATION">c:/workspace/Mipsfpga_soc/ip_repo/PWM_w_Int_1</xilinx:tag>
        <xilinx:tag xilinx:name="ui.data.coregen.dd@7a0efcf3_ARCHIVE_LOCATION">c:/workspace/Mipsfpga_soc/ip_repo/PWM_w_Int_1</xilinx:tag>
        <xilinx:tag xilinx:name="ui.data.coregen.dd@4c520b72_ARCHIVE_LOCATION">c:/workspace/Mipsfpga_soc/ip_repo/PWM_w_Int_1</xilinx:tag>
        <xilinx:tag xilinx:name="ui.data.coregen.dd@382b9839_ARCHIVE_LOCATION">c:/workspace/Mipsfpga_soc/ip_repo/PWM_w_Int_1</xilinx:tag>
        <xilinx:tag xilinx:name="ui.data.coregen.dd@2733c528_ARCHIVE_LOCATION">c:/workspace/Mipsfpga_soc/ip_repo/PWM_w_Int_1</xilinx:tag>
        <xilinx:tag xilinx:name="ui.data.coregen.dd@6ea9533d_ARCHIVE_LOCATION">c:/workspace/Mipsfpga_soc/ip_repo/PWM_w_Int_1</xilinx:tag>
        <xilinx:tag xilinx:name="ui.data.coregen.dd@20c3b085_ARCHIVE_LOCATION">c:/workspace/Mipsfpga_soc/ip_repo/PWM_w_Int_1.0</xilinx:tag>
        <xilinx:tag xilinx:name="ui.data.coregen.dd@7315c67f_ARCHIVE_LOCATION">c:/workspace/Mipsfpga_soc/ip_repo/PWM_w_Int_1.0</xilinx:tag>
        <xilinx:tag xilinx:name="ui.data.coregen.dd@556376c3_ARCHIVE_LOCATION">c:/workspace/Mipsfpga_soc/ip_repo/PWM_w_Int_1.0</xilinx:tag>
        <xilinx:tag xilinx:name="ui.data.coregen.dd@537568f2_ARCHIVE_LOCATION">c:/workspace/Mipsfpga_soc/ip_repo/PWM_w_Int_1.0</xilinx:tag>
        <xilinx:tag xilinx:name="ui.data.coregen.dd@526009c_ARCHIVE_LOCATION">c:/workspace/Mipsfpga_soc/ip_repo/PWM_w_Int_1.0</xilinx:tag>
        <xilinx:tag xilinx:name="ui.data.coregen.dd@18a4a5bb_ARCHIVE_LOCATION">c:/workspace/Mipsfpga_soc/ip_repo/PWM_w_Int_1.0</xilinx:tag>
        <xilinx:tag xilinx:name="ui.data.coregen.dd@31ff810b_ARCHIVE_LOCATION">c:/workspace/Mipsfpga_soc/ip_repo/PWM_w_Int_1.0</xilinx:tag>
        <xilinx:tag xilinx:name="ui.data.coregen.dd@53bd5fa2_ARCHIVE_LOCATION">c:/workspace/Mipsfpga_soc/ip_repo/PWM_w_Int_1.0</xilinx:tag>
        <xilinx:tag xilinx:name="ui.data.coregen.dd@5eca7d58_ARCHIVE_LOCATION">c:/workspace/Mipsfpga_soc/ip_repo/PWM_w_Int_1.0</xilinx:tag>
        <xilinx:tag xilinx:name="ui.data.coregen.dd@5360c4ec_ARCHIVE_LOCATION">c:/workspace/Mipsfpga_soc/ip_repo/PWM_w_Int_1.0</xilinx:tag>
        <xilinx:tag xilinx:name="ui.data.coregen.dd@3454f393_ARCHIVE_LOCATION">c:/workspace/Mipsfpga_soc/ip_repo/PWM_w_Int_1.0</xilinx:tag>
        <xilinx:tag xilinx:name="ui.data.coregen.dd@12e266ed_ARCHIVE_LOCATION">c:/workspace/Mipsfpga_soc/ip_repo/PWM_w_Int_1.0</xilinx:tag>
        <xilinx:tag xilinx:name="ui.data.coregen.dd@1840f6db_ARCHIVE_LOCATION">c:/workspace/Mipsfpga_soc/ip_repo/PWM_w_Int_1.0</xilinx:tag>
        <xilinx:tag xilinx:name="ui.data.coregen.dd@63de4b63_ARCHIVE_LOCATION">c:/workspace/Mipsfpga_soc/ip_repo/PWM_w_Int_1.0</xilinx:tag>
        <xilinx:tag xilinx:name="ui.data.coregen.dd@52eb89fe_ARCHIVE_LOCATION">c:/workspace/Mipsfpga_soc/ip_repo/PWM_w_Int_1.0</xilinx:tag>
        <xilinx:tag xilinx:name="ui.data.coregen.dd@18d00a2e_ARCHIVE_LOCATION">c:/workspace/Mipsfpga_soc/ip_repo/PWM_w_Int_1.0</xilinx:tag>
        <xilinx:tag xilinx:name="ui.data.coregen.dd@55446584_ARCHIVE_LOCATION">c:/workspace/Mipsfpga_soc/ip_repo/PWM_w_Int_1.0</xilinx:tag>
        <xilinx:tag xilinx:name="ui.data.coregen.dd@440ce7fd_ARCHIVE_LOCATION">c:/workspace/Mipsfpga_soc/ip_repo/PWM_w_Int_1.0</xilinx:tag>
        <xilinx:tag xilinx:name="ui.data.coregen.dd@6e298e97_ARCHIVE_LOCATION">c:/workspace/Mipsfpga_soc/ip_repo/PWM_w_Int_1.0</xilinx:tag>
        <xilinx:tag xilinx:name="ui.data.coregen.dd@5a52b734_ARCHIVE_LOCATION">c:/workspace/Mipsfpga_soc/ip_repo/PWM_w_Int_1.0</xilinx:tag>
        <xilinx:tag xilinx:name="ui.data.coregen.dd@716003db_ARCHIVE_LOCATION">c:/workspace/Mipsfpga_soc/ip_repo/PWM_w_Int_1.0</xilinx:tag>
        <xilinx:tag xilinx:name="ui.data.coregen.dd@5e82086_ARCHIVE_LOCATION">c:/workspace/Mipsfpga_soc/ip_repo/PWM_w_Int_1.0</xilinx:tag>
        <xilinx:tag xilinx:name="ui.data.coregen.dd@16f6db95_ARCHIVE_LOCATION">c:/workspace/Mipsfpga_soc/ip_repo/PWM_w_Int_1.0</xilinx:tag>
        <xilinx:tag xilinx:name="ui.data.coregen.dd@321385e7_ARCHIVE_LOCATION">c:/workspace/Mipsfpga_soc/ip_repo/PWM_w_Int_1.0</xilinx:tag>
        <xilinx:tag xilinx:name="ui.data.coregen.dd@3720e755_ARCHIVE_LOCATION">c:/workspace/Mipsfpga_soc/ip_repo/PWM_w_Int_1.0</xilinx:tag>
        <xilinx:tag xilinx:name="ui.data.coregen.dd@219602bd_ARCHIVE_LOCATION">c:/workspace/Mipsfpga_soc/ip_repo/PWM_w_Int_1.0</xilinx:tag>
        <xilinx:tag xilinx:name="ui.data.coregen.dd@555a6cb_ARCHIVE_LOCATION">c:/workspace/Mipsfpga_soc/ip_repo/PWM_w_Int_1.0</xilinx:tag>
        <xilinx:tag xilinx:name="ui.data.coregen.dd@27704744_ARCHIVE_LOCATION">c:/workspace/Mipsfpga_soc/ip_repo/PWM_w_Int_1.0</xilinx:tag>
        <xilinx:tag xilinx:name="ui.data.coregen.dd@130c326b_ARCHIVE_LOCATION">c:/workspace/Mipsfpga_soc/ip_repo/PWM_w_Int_1.0</xilinx:tag>
        <xilinx:tag xilinx:name="ui.data.coregen.dd@7eb3f5ad_ARCHIVE_LOCATION">c:/workspace/Mipsfpga_soc/ip_repo/PWM_w_Int_1.0</xilinx:tag>
        <xilinx:tag xilinx:name="ui.data.coregen.dd@1ad3ffd7_ARCHIVE_LOCATION">c:/workspace/Mipsfpga_soc/ip_repo/PWM_w_Int_1.0</xilinx:tag>
        <xilinx:tag xilinx:name="ui.data.coregen.dd@73445c29_ARCHIVE_LOCATION">c:/workspace/Mipsfpga_soc/ip_repo/PWM_w_Int_1.0</xilinx:tag>
        <xilinx:tag xilinx:name="ui.data.coregen.dd@17dd5db6_ARCHIVE_LOCATION">c:/workspace/Mipsfpga_soc/ip_repo/PWM_w_Int_1.0</xilinx:tag>
        <xilinx:tag xilinx:name="ui.data.coregen.dd@184c6ae2_ARCHIVE_LOCATION">c:/workspace/Mipsfpga_soc/ip_repo/PWM_w_Int_1.0</xilinx:tag>
        <xilinx:tag xilinx:name="ui.data.coregen.dd@2540da2a_ARCHIVE_LOCATION">c:/workspace/Mipsfpga_soc/ip_repo/PWM_w_Int_1.0</xilinx:tag>
        <xilinx:tag xilinx:name="ui.data.coregen.dd@149b2af7_ARCHIVE_LOCATION">c:/workspace/Mipsfpga_soc/ip_repo/PWM_w_Int_1.0</xilinx:tag>
        <xilinx:tag xilinx:name="ui.data.coregen.dd@7de2a5c4_ARCHIVE_LOCATION">c:/workspace/Mipsfpga_soc/ip_repo/PWM_w_Int_1.0</xilinx:tag>
        <xilinx:tag xilinx:name="ui.data.coregen.dd@4f9ecac4_ARCHIVE_LOCATION">c:/workspace/Mipsfpga_soc/ip_repo/PWM_w_Int_1.0</xilinx:tag>
      </xilinx:tags>
    </xilinx:coreExtensions>
    <xilinx:packagingInfo>
      <xilinx:xilinxVersion>2019.2</xilinx:xilinxVersion>
      <xilinx:checksum xilinx:scope="busInterfaces" xilinx:value="7a63f3fc"/>
      <xilinx:checksum xilinx:scope="memoryMaps" xilinx:value="ed1368d5"/>
      <xilinx:checksum xilinx:scope="fileGroups" xilinx:value="53b4d00e"/>
      <xilinx:checksum xilinx:scope="ports" xilinx:value="f0ee27fb"/>
      <xilinx:checksum xilinx:scope="hdlParameters" xilinx:value="51653b58"/>
      <xilinx:checksum xilinx:scope="parameters" xilinx:value="936995d1"/>
    </xilinx:packagingInfo>
  </spirit:vendorExtensions>
</spirit:component>
