<?xml version="1.0" encoding="UTF-8"?>
<spirit:component xmlns:xilinx="http://www.xilinx.com" xmlns:spirit="http://www.spiritconsortium.org/XMLSchema/SPIRIT/1685-2009" xmlns:xsi="http://www.w3.org/2001/XMLSchema-instance">
  <spirit:vendor>xilinx.com</spirit:vendor>
  <spirit:library>user</spirit:library>
  <spirit:name>Segment</spirit:name>
  <spirit:version>1.0</spirit:version>
  <spirit:busInterfaces>
    <spirit:busInterface>
      <spirit:name>S00_AXI</spirit:name>
      <spirit:busType spirit:vendor="xilinx.com" spirit:library="interface" spirit:name="aximm" spirit:version="1.0"/>
      <spirit:abstractionType spirit:vendor="xilinx.com" spirit:library="interface" spirit:name="aximm_rtl" spirit:version="1.0"/>
      <spirit:slave>
        <spirit:memoryMapRef spirit:memoryMapRef="S00_AXI"/>
      </spirit:slave>
      <spirit:portMaps>
        <spirit:portMap>
          <spirit:logicalPort>
            <spirit:name>AWADDR</spirit:name>
          </spirit:logicalPort>
          <spirit:physicalPort>
            <spirit:name>s00_axi_awaddr</spirit:name>
          </spirit:physicalPort>
        </spirit:portMap>
        <spirit:portMap>
          <spirit:logicalPort>
            <spirit:name>AWPROT</spirit:name>
          </spirit:logicalPort>
          <spirit:physicalPort>
            <spirit:name>s00_axi_awprot</spirit:name>
          </spirit:physicalPort>
        </spirit:portMap>
        <spirit:portMap>
          <spirit:logicalPort>
            <spirit:name>AWVALID</spirit:name>
          </spirit:logicalPort>
          <spirit:physicalPort>
            <spirit:name>s00_axi_awvalid</spirit:name>
          </spirit:physicalPort>
        </spirit:portMap>
        <spirit:portMap>
          <spirit:logicalPort>
            <spirit:name>AWREADY</spirit:name>
          </spirit:logicalPort>
          <spirit:physicalPort>
            <spirit:name>s00_axi_awready</spirit:name>
          </spirit:physicalPort>
        </spirit:portMap>
        <spirit:portMap>
          <spirit:logicalPort>
            <spirit:name>WDATA</spirit:name>
          </spirit:logicalPort>
          <spirit:physicalPort>
            <spirit:name>s00_axi_wdata</spirit:name>
          </spirit:physicalPort>
        </spirit:portMap>
        <spirit:portMap>
          <spirit:logicalPort>
            <spirit:name>WSTRB</spirit:name>
          </spirit:logicalPort>
          <spirit:physicalPort>
            <spirit:name>s00_axi_wstrb</spirit:name>
          </spirit:physicalPort>
        </spirit:portMap>
        <spirit:portMap>
          <spirit:logicalPort>
            <spirit:name>WVALID</spirit:name>
          </spirit:logicalPort>
          <spirit:physicalPort>
            <spirit:name>s00_axi_wvalid</spirit:name>
          </spirit:physicalPort>
        </spirit:portMap>
        <spirit:portMap>
          <spirit:logicalPort>
            <spirit:name>WREADY</spirit:name>
          </spirit:logicalPort>
          <spirit:physicalPort>
            <spirit:name>s00_axi_wready</spirit:name>
          </spirit:physicalPort>
        </spirit:portMap>
        <spirit:portMap>
          <spirit:logicalPort>
            <spirit:name>BRESP</spirit:name>
          </spirit:logicalPort>
          <spirit:physicalPort>
            <spirit:name>s00_axi_bresp</spirit:name>
          </spirit:physicalPort>
        </spirit:portMap>
        <spirit:portMap>
          <spirit:logicalPort>
            <spirit:name>BVALID</spirit:name>
          </spirit:logicalPort>
          <spirit:physicalPort>
            <spirit:name>s00_axi_bvalid</spirit:name>
          </spirit:physicalPort>
        </spirit:portMap>
        <spirit:portMap>
          <spirit:logicalPort>
            <spirit:name>BREADY</spirit:name>
          </spirit:logicalPort>
          <spirit:physicalPort>
            <spirit:name>s00_axi_bready</spirit:name>
          </spirit:physicalPort>
        </spirit:portMap>
        <spirit:portMap>
          <spirit:logicalPort>
            <spirit:name>ARADDR</spirit:name>
          </spirit:logicalPort>
          <spirit:physicalPort>
            <spirit:name>s00_axi_araddr</spirit:name>
          </spirit:physicalPort>
        </spirit:portMap>
        <spirit:portMap>
          <spirit:logicalPort>
            <spirit:name>ARPROT</spirit:name>
          </spirit:logicalPort>
          <spirit:physicalPort>
            <spirit:name>s00_axi_arprot</spirit:name>
          </spirit:physicalPort>
        </spirit:portMap>
        <spirit:portMap>
          <spirit:logicalPort>
            <spirit:name>ARVALID</spirit:name>
          </spirit:logicalPort>
          <spirit:physicalPort>
            <spirit:name>s00_axi_arvalid</spirit:name>
          </spirit:physicalPort>
        </spirit:portMap>
        <spirit:portMap>
          <spirit:logicalPort>
            <spirit:name>ARREADY</spirit:name>
          </spirit:logicalPort>
          <spirit:physicalPort>
            <spirit:name>s00_axi_arready</spirit:name>
          </spirit:physicalPort>
        </spirit:portMap>
        <spirit:portMap>
          <spirit:logicalPort>
            <spirit:name>RDATA</spirit:name>
          </spirit:logicalPort>
          <spirit:physicalPort>
            <spirit:name>s00_axi_rdata</spirit:name>
          </spirit:physicalPort>
        </spirit:portMap>
        <spirit:portMap>
          <spirit:logicalPort>
            <spirit:name>RRESP</spirit:name>
          </spirit:logicalPort>
          <spirit:physicalPort>
            <spirit:name>s00_axi_rresp</spirit:name>
          </spirit:physicalPort>
        </spirit:portMap>
        <spirit:portMap>
          <spirit:logicalPort>
            <spirit:name>RVALID</spirit:name>
          </spirit:logicalPort>
          <spirit:physicalPort>
            <spirit:name>s00_axi_rvalid</spirit:name>
          </spirit:physicalPort>
        </spirit:portMap>
        <spirit:portMap>
          <spirit:logicalPort>
            <spirit:name>RREADY</spirit:name>
          </spirit:logicalPort>
          <spirit:physicalPort>
            <spirit:name>s00_axi_rready</spirit:name>
          </spirit:physicalPort>
        </spirit:portMap>
      </spirit:portMaps>
      <spirit:parameters>
        <spirit:parameter>
          <spirit:name>WIZ_DATA_WIDTH</spirit:name>
          <spirit:value spirit:format="long" spirit:id="BUSIFPARAM_VALUE.S00_AXI.WIZ_DATA_WIDTH" spirit:choiceRef="choice_list_6fc15197">32</spirit:value>
        </spirit:parameter>
        <spirit:parameter>
          <spirit:name>WIZ_NUM_REG</spirit:name>
          <spirit:value spirit:format="long" spirit:id="BUSIFPARAM_VALUE.S00_AXI.WIZ_NUM_REG" spirit:minimum="4" spirit:maximum="512" spirit:rangeType="long">4</spirit:value>
        </spirit:parameter>
        <spirit:parameter>
          <spirit:name>SUPPORTS_NARROW_BURST</spirit:name>
          <spirit:value spirit:format="long" spirit:id="BUSIFPARAM_VALUE.S00_AXI.SUPPORTS_NARROW_BURST" spirit:choiceRef="choice_pairs_ce1226b1">0</spirit:value>
        </spirit:parameter>
      </spirit:parameters>
    </spirit:busInterface>
    <spirit:busInterface>
      <spirit:name>S00_AXI_RST</spirit:name>
      <spirit:busType spirit:vendor="xilinx.com" spirit:library="signal" spirit:name="reset" spirit:version="1.0"/>
      <spirit:abstractionType spirit:vendor="xilinx.com" spirit:library="signal" spirit:name="reset_rtl" spirit:version="1.0"/>
      <spirit:slave/>
      <spirit:portMaps>
        <spirit:portMap>
          <spirit:logicalPort>
            <spirit:name>RST</spirit:name>
          </spirit:logicalPort>
          <spirit:physicalPort>
            <spirit:name>s00_axi_aresetn</spirit:name>
          </spirit:physicalPort>
        </spirit:portMap>
      </spirit:portMaps>
      <spirit:parameters>
        <spirit:parameter>
          <spirit:name>POLARITY</spirit:name>
          <spirit:value spirit:id="BUSIFPARAM_VALUE.S00_AXI_RST.POLARITY" spirit:choiceRef="choice_list_9d8b0d81">ACTIVE_LOW</spirit:value>
        </spirit:parameter>
      </spirit:parameters>
    </spirit:busInterface>
    <spirit:busInterface>
      <spirit:name>S00_AXI_CLK</spirit:name>
      <spirit:busType spirit:vendor="xilinx.com" spirit:library="signal" spirit:name="clock" spirit:version="1.0"/>
      <spirit:abstractionType spirit:vendor="xilinx.com" spirit:library="signal" spirit:name="clock_rtl" spirit:version="1.0"/>
      <spirit:slave/>
      <spirit:portMaps>
        <spirit:portMap>
          <spirit:logicalPort>
            <spirit:name>CLK</spirit:name>
          </spirit:logicalPort>
          <spirit:physicalPort>
            <spirit:name>s00_axi_aclk</spirit:name>
          </spirit:physicalPort>
        </spirit:portMap>
      </spirit:portMaps>
      <spirit:parameters>
        <spirit:parameter>
          <spirit:name>ASSOCIATED_BUSIF</spirit:name>
          <spirit:value spirit:id="BUSIFPARAM_VALUE.S00_AXI_CLK.ASSOCIATED_BUSIF">S00_AXI</spirit:value>
        </spirit:parameter>
        <spirit:parameter>
          <spirit:name>ASSOCIATED_RESET</spirit:name>
          <spirit:value spirit:id="BUSIFPARAM_VALUE.S00_AXI_CLK.ASSOCIATED_RESET">s00_axi_aresetn</spirit:value>
        </spirit:parameter>
      </spirit:parameters>
    </spirit:busInterface>
  </spirit:busInterfaces>
  <spirit:memoryMaps>
    <spirit:memoryMap>
      <spirit:name>S00_AXI</spirit:name>
      <spirit:addressBlock>
        <spirit:name>S00_AXI_reg</spirit:name>
        <spirit:baseAddress spirit:format="long" spirit:resolve="user">0</spirit:baseAddress>
        <spirit:range spirit:format="long">4096</spirit:range>
        <spirit:width spirit:format="long">32</spirit:width>
        <spirit:usage>register</spirit:usage>
        <spirit:parameters>
          <spirit:parameter>
            <spirit:name>OFFSET_BASE_PARAM</spirit:name>
            <spirit:value spirit:id="ADDRBLOCKPARAM_VALUE.S00_AXI.S00_AXI_REG.OFFSET_BASE_PARAM">C_S00_AXI_BASEADDR</spirit:value>
          </spirit:parameter>
          <spirit:parameter>
            <spirit:name>OFFSET_HIGH_PARAM</spirit:name>
            <spirit:value spirit:id="ADDRBLOCKPARAM_VALUE.S00_AXI.S00_AXI_REG.OFFSET_HIGH_PARAM">C_S00_AXI_HIGHADDR</spirit:value>
          </spirit:parameter>
        </spirit:parameters>
      </spirit:addressBlock>
    </spirit:memoryMap>
  </spirit:memoryMaps>
  <spirit:model>
    <spirit:views>
      <spirit:view>
        <spirit:name>xilinx_verilogsynthesis</spirit:name>
        <spirit:displayName>Verilog Synthesis</spirit:displayName>
        <spirit:envIdentifier>verilogSource:vivado.xilinx.com:synthesis</spirit:envIdentifier>
        <spirit:language>verilog</spirit:language>
        <spirit:modelName>Segment_v1_0</spirit:modelName>
        <spirit:fileSetRef>
          <spirit:localName>xilinx_verilogsynthesis_view_fileset</spirit:localName>
        </spirit:fileSetRef>
        <spirit:parameters>
          <spirit:parameter>
            <spirit:name>viewChecksum</spirit:name>
            <spirit:value>faf2b31a</spirit:value>
          </spirit:parameter>
        </spirit:parameters>
      </spirit:view>
      <spirit:view>
        <spirit:name>xilinx_verilogbehavioralsimulation</spirit:name>
        <spirit:displayName>Verilog Simulation</spirit:displayName>
        <spirit:envIdentifier>verilogSource:vivado.xilinx.com:simulation</spirit:envIdentifier>
        <spirit:language>verilog</spirit:language>
        <spirit:modelName>Segment_v1_0</spirit:modelName>
        <spirit:fileSetRef>
          <spirit:localName>xilinx_verilogbehavioralsimulation_view_fileset</spirit:localName>
        </spirit:fileSetRef>
        <spirit:parameters>
          <spirit:parameter>
            <spirit:name>viewChecksum</spirit:name>
            <spirit:value>faf2b31a</spirit:value>
          </spirit:parameter>
        </spirit:parameters>
      </spirit:view>
      <spirit:view>
        <spirit:name>xilinx_softwaredriver</spirit:name>
        <spirit:displayName>Software Driver</spirit:displayName>
        <spirit:envIdentifier>:vivado.xilinx.com:sw.driver</spirit:envIdentifier>
        <spirit:fileSetRef>
          <spirit:localName>xilinx_softwaredriver_view_fileset</spirit:localName>
        </spirit:fileSetRef>
        <spirit:parameters>
          <spirit:parameter>
            <spirit:name>viewChecksum</spirit:name>
            <spirit:value>005ed76f</spirit:value>
          </spirit:parameter>
        </spirit:parameters>
      </spirit:view>
      <spirit:view>
        <spirit:name>xilinx_xpgui</spirit:name>
        <spirit:displayName>UI Layout</spirit:displayName>
        <spirit:envIdentifier>:vivado.xilinx.com:xgui.ui</spirit:envIdentifier>
        <spirit:fileSetRef>
          <spirit:localName>xilinx_xpgui_view_fileset</spirit:localName>
        </spirit:fileSetRef>
        <spirit:parameters>
          <spirit:parameter>
            <spirit:name>viewChecksum</spirit:name>
            <spirit:value>0e5443b4</spirit:value>
          </spirit:parameter>
        </spirit:parameters>
      </spirit:view>
      <spirit:view>
        <spirit:name>bd_tcl</spirit:name>
        <spirit:displayName>Block Diagram</spirit:displayName>
        <spirit:envIdentifier>:vivado.xilinx.com:block.diagram</spirit:envIdentifier>
        <spirit:fileSetRef>
          <spirit:localName>bd_tcl_view_fileset</spirit:localName>
        </spirit:fileSetRef>
        <spirit:parameters>
          <spirit:parameter>
            <spirit:name>viewChecksum</spirit:name>
            <spirit:value>16328387</spirit:value>
          </spirit:parameter>
        </spirit:parameters>
      </spirit:view>
      <spirit:view>
        <spirit:name>xilinx_testbench</spirit:name>
        <spirit:displayName>Test Bench</spirit:displayName>
        <spirit:envIdentifier>:vivado.xilinx.com:simulation.testbench</spirit:envIdentifier>
        <spirit:modelName>Seg_Controller_tb</spirit:modelName>
        <spirit:fileSetRef>
          <spirit:localName>xilinx_testbench_view_fileset</spirit:localName>
        </spirit:fileSetRef>
        <spirit:parameters>
          <spirit:parameter>
            <spirit:name>viewChecksum</spirit:name>
            <spirit:value>e3f09bc7</spirit:value>
          </spirit:parameter>
        </spirit:parameters>
      </spirit:view>
    </spirit:views>
    <spirit:ports>
      <spirit:port>
        <spirit:name>AN</spirit:name>
        <spirit:wire>
          <spirit:direction>out</spirit:direction>
          <spirit:vector>
            <spirit:left spirit:format="long">7</spirit:left>
            <spirit:right spirit:format="long">0</spirit:right>
          </spirit:vector>
          <spirit:wireTypeDefs>
            <spirit:wireTypeDef>
              <spirit:typeName>wire</spirit:typeName>
              <spirit:viewNameRef>xilinx_verilogsynthesis</spirit:viewNameRef>
              <spirit:viewNameRef>xilinx_verilogbehavioralsimulation</spirit:viewNameRef>
            </spirit:wireTypeDef>
          </spirit:wireTypeDefs>
        </spirit:wire>
      </spirit:port>
      <spirit:port>
        <spirit:name>Digits_Bits</spirit:name>
        <spirit:wire>
          <spirit:direction>out</spirit:direction>
          <spirit:vector>
            <spirit:left spirit:format="long">6</spirit:left>
            <spirit:right spirit:format="long">0</spirit:right>
          </spirit:vector>
          <spirit:wireTypeDefs>
            <spirit:wireTypeDef>
              <spirit:typeName>wire</spirit:typeName>
              <spirit:viewNameRef>xilinx_verilogsynthesis</spirit:viewNameRef>
              <spirit:viewNameRef>xilinx_verilogbehavioralsimulation</spirit:viewNameRef>
            </spirit:wireTypeDef>
          </spirit:wireTypeDefs>
        </spirit:wire>
      </spirit:port>
      <spirit:port>
        <spirit:name>s00_axi_aclk</spirit:name>
        <spirit:wire>
          <spirit:direction>in</spirit:direction>
          <spirit:wireTypeDefs>
            <spirit:wireTypeDef>
              <spirit:typeName>wire</spirit:typeName>
              <spirit:viewNameRef>xilinx_verilogsynthesis</spirit:viewNameRef>
              <spirit:viewNameRef>xilinx_verilogbehavioralsimulation</spirit:viewNameRef>
            </spirit:wireTypeDef>
          </spirit:wireTypeDefs>
        </spirit:wire>
      </spirit:port>
      <spirit:port>
        <spirit:name>s00_axi_aresetn</spirit:name>
        <spirit:wire>
          <spirit:direction>in</spirit:direction>
          <spirit:wireTypeDefs>
            <spirit:wireTypeDef>
              <spirit:typeName>wire</spirit:typeName>
              <spirit:viewNameRef>xilinx_verilogsynthesis</spirit:viewNameRef>
              <spirit:viewNameRef>xilinx_verilogbehavioralsimulation</spirit:viewNameRef>
            </spirit:wireTypeDef>
          </spirit:wireTypeDefs>
        </spirit:wire>
      </spirit:port>
      <spirit:port>
        <spirit:name>s00_axi_awaddr</spirit:name>
        <spirit:wire>
          <spirit:direction>in</spirit:direction>
          <spirit:vector>
            <spirit:left spirit:format="long" spirit:resolve="dependent" spirit:dependency="(spirit:decode(id(&apos;MODELPARAM_VALUE.C_S00_AXI_ADDR_WIDTH&apos;)) - 1)">3</spirit:left>
            <spirit:right spirit:format="long">0</spirit:right>
          </spirit:vector>
          <spirit:wireTypeDefs>
            <spirit:wireTypeDef>
              <spirit:typeName>wire</spirit:typeName>
              <spirit:viewNameRef>xilinx_verilogsynthesis</spirit:viewNameRef>
              <spirit:viewNameRef>xilinx_verilogbehavioralsimulation</spirit:viewNameRef>
            </spirit:wireTypeDef>
          </spirit:wireTypeDefs>
        </spirit:wire>
      </spirit:port>
      <spirit:port>
        <spirit:name>s00_axi_awprot</spirit:name>
        <spirit:wire>
          <spirit:direction>in</spirit:direction>
          <spirit:vector>
            <spirit:left spirit:format="long">2</spirit:left>
            <spirit:right spirit:format="long">0</spirit:right>
          </spirit:vector>
          <spirit:wireTypeDefs>
            <spirit:wireTypeDef>
              <spirit:typeName>wire</spirit:typeName>
              <spirit:viewNameRef>xilinx_verilogsynthesis</spirit:viewNameRef>
              <spirit:viewNameRef>xilinx_verilogbehavioralsimulation</spirit:viewNameRef>
            </spirit:wireTypeDef>
          </spirit:wireTypeDefs>
        </spirit:wire>
      </spirit:port>
      <spirit:port>
        <spirit:name>s00_axi_awvalid</spirit:name>
        <spirit:wire>
          <spirit:direction>in</spirit:direction>
          <spirit:wireTypeDefs>
            <spirit:wireTypeDef>
              <spirit:typeName>wire</spirit:typeName>
              <spirit:viewNameRef>xilinx_verilogsynthesis</spirit:viewNameRef>
              <spirit:viewNameRef>xilinx_verilogbehavioralsimulation</spirit:viewNameRef>
            </spirit:wireTypeDef>
          </spirit:wireTypeDefs>
        </spirit:wire>
      </spirit:port>
      <spirit:port>
        <spirit:name>s00_axi_awready</spirit:name>
        <spirit:wire>
          <spirit:direction>out</spirit:direction>
          <spirit:wireTypeDefs>
            <spirit:wireTypeDef>
              <spirit:typeName>wire</spirit:typeName>
              <spirit:viewNameRef>xilinx_verilogsynthesis</spirit:viewNameRef>
              <spirit:viewNameRef>xilinx_verilogbehavioralsimulation</spirit:viewNameRef>
            </spirit:wireTypeDef>
          </spirit:wireTypeDefs>
        </spirit:wire>
      </spirit:port>
      <spirit:port>
        <spirit:name>s00_axi_wdata</spirit:name>
        <spirit:wire>
          <spirit:direction>in</spirit:direction>
          <spirit:vector>
            <spirit:left spirit:format="long" spirit:resolve="dependent" spirit:dependency="(spirit:decode(id(&apos;MODELPARAM_VALUE.C_S00_AXI_DATA_WIDTH&apos;)) - 1)">31</spirit:left>
            <spirit:right spirit:format="long">0</spirit:right>
          </spirit:vector>
          <spirit:wireTypeDefs>
            <spirit:wireTypeDef>
              <spirit:typeName>wire</spirit:typeName>
              <spirit:viewNameRef>xilinx_verilogsynthesis</spirit:viewNameRef>
              <spirit:viewNameRef>xilinx_verilogbehavioralsimulation</spirit:viewNameRef>
            </spirit:wireTypeDef>
          </spirit:wireTypeDefs>
        </spirit:wire>
      </spirit:port>
      <spirit:port>
        <spirit:name>s00_axi_wstrb</spirit:name>
        <spirit:wire>
          <spirit:direction>in</spirit:direction>
          <spirit:vector>
            <spirit:left spirit:format="long" spirit:resolve="dependent" spirit:dependency="((spirit:decode(id(&apos;MODELPARAM_VALUE.C_S00_AXI_DATA_WIDTH&apos;)) / 8) - 1)">3</spirit:left>
            <spirit:right spirit:format="long">0</spirit:right>
          </spirit:vector>
          <spirit:wireTypeDefs>
            <spirit:wireTypeDef>
              <spirit:typeName>wire</spirit:typeName>
              <spirit:viewNameRef>xilinx_verilogsynthesis</spirit:viewNameRef>
              <spirit:viewNameRef>xilinx_verilogbehavioralsimulation</spirit:viewNameRef>
            </spirit:wireTypeDef>
          </spirit:wireTypeDefs>
        </spirit:wire>
      </spirit:port>
      <spirit:port>
        <spirit:name>s00_axi_wvalid</spirit:name>
        <spirit:wire>
          <spirit:direction>in</spirit:direction>
          <spirit:wireTypeDefs>
            <spirit:wireTypeDef>
              <spirit:typeName>wire</spirit:typeName>
              <spirit:viewNameRef>xilinx_verilogsynthesis</spirit:viewNameRef>
              <spirit:viewNameRef>xilinx_verilogbehavioralsimulation</spirit:viewNameRef>
            </spirit:wireTypeDef>
          </spirit:wireTypeDefs>
        </spirit:wire>
      </spirit:port>
      <spirit:port>
        <spirit:name>s00_axi_wready</spirit:name>
        <spirit:wire>
          <spirit:direction>out</spirit:direction>
          <spirit:wireTypeDefs>
            <spirit:wireTypeDef>
              <spirit:typeName>wire</spirit:typeName>
              <spirit:viewNameRef>xilinx_verilogsynthesis</spirit:viewNameRef>
              <spirit:viewNameRef>xilinx_verilogbehavioralsimulation</spirit:viewNameRef>
            </spirit:wireTypeDef>
          </spirit:wireTypeDefs>
        </spirit:wire>
      </spirit:port>
      <spirit:port>
        <spirit:name>s00_axi_bresp</spirit:name>
        <spirit:wire>
          <spirit:direction>out</spirit:direction>
          <spirit:vector>
            <spirit:left spirit:format="long">1</spirit:left>
            <spirit:right spirit:format="long">0</spirit:right>
          </spirit:vector>
          <spirit:wireTypeDefs>
            <spirit:wireTypeDef>
              <spirit:typeName>wire</spirit:typeName>
              <spirit:viewNameRef>xilinx_verilogsynthesis</spirit:viewNameRef>
              <spirit:viewNameRef>xilinx_verilogbehavioralsimulation</spirit:viewNameRef>
            </spirit:wireTypeDef>
          </spirit:wireTypeDefs>
        </spirit:wire>
      </spirit:port>
      <spirit:port>
        <spirit:name>s00_axi_bvalid</spirit:name>
        <spirit:wire>
          <spirit:direction>out</spirit:direction>
          <spirit:wireTypeDefs>
            <spirit:wireTypeDef>
              <spirit:typeName>wire</spirit:typeName>
              <spirit:viewNameRef>xilinx_verilogsynthesis</spirit:viewNameRef>
              <spirit:viewNameRef>xilinx_verilogbehavioralsimulation</spirit:viewNameRef>
            </spirit:wireTypeDef>
          </spirit:wireTypeDefs>
        </spirit:wire>
      </spirit:port>
      <spirit:port>
        <spirit:name>s00_axi_bready</spirit:name>
        <spirit:wire>
          <spirit:direction>in</spirit:direction>
          <spirit:wireTypeDefs>
            <spirit:wireTypeDef>
              <spirit:typeName>wire</spirit:typeName>
              <spirit:viewNameRef>xilinx_verilogsynthesis</spirit:viewNameRef>
              <spirit:viewNameRef>xilinx_verilogbehavioralsimulation</spirit:viewNameRef>
            </spirit:wireTypeDef>
          </spirit:wireTypeDefs>
        </spirit:wire>
      </spirit:port>
      <spirit:port>
        <spirit:name>s00_axi_araddr</spirit:name>
        <spirit:wire>
          <spirit:direction>in</spirit:direction>
          <spirit:vector>
            <spirit:left spirit:format="long" spirit:resolve="dependent" spirit:dependency="(spirit:decode(id(&apos;MODELPARAM_VALUE.C_S00_AXI_ADDR_WIDTH&apos;)) - 1)">3</spirit:left>
            <spirit:right spirit:format="long">0</spirit:right>
          </spirit:vector>
          <spirit:wireTypeDefs>
            <spirit:wireTypeDef>
              <spirit:typeName>wire</spirit:typeName>
              <spirit:viewNameRef>xilinx_verilogsynthesis</spirit:viewNameRef>
              <spirit:viewNameRef>xilinx_verilogbehavioralsimulation</spirit:viewNameRef>
            </spirit:wireTypeDef>
          </spirit:wireTypeDefs>
        </spirit:wire>
      </spirit:port>
      <spirit:port>
        <spirit:name>s00_axi_arprot</spirit:name>
        <spirit:wire>
          <spirit:direction>in</spirit:direction>
          <spirit:vector>
            <spirit:left spirit:format="long">2</spirit:left>
            <spirit:right spirit:format="long">0</spirit:right>
          </spirit:vector>
          <spirit:wireTypeDefs>
            <spirit:wireTypeDef>
              <spirit:typeName>wire</spirit:typeName>
              <spirit:viewNameRef>xilinx_verilogsynthesis</spirit:viewNameRef>
              <spirit:viewNameRef>xilinx_verilogbehavioralsimulation</spirit:viewNameRef>
            </spirit:wireTypeDef>
          </spirit:wireTypeDefs>
        </spirit:wire>
      </spirit:port>
      <spirit:port>
        <spirit:name>s00_axi_arvalid</spirit:name>
        <spirit:wire>
          <spirit:direction>in</spirit:direction>
          <spirit:wireTypeDefs>
            <spirit:wireTypeDef>
              <spirit:typeName>wire</spirit:typeName>
              <spirit:viewNameRef>xilinx_verilogsynthesis</spirit:viewNameRef>
              <spirit:viewNameRef>xilinx_verilogbehavioralsimulation</spirit:viewNameRef>
            </spirit:wireTypeDef>
          </spirit:wireTypeDefs>
        </spirit:wire>
      </spirit:port>
      <spirit:port>
        <spirit:name>s00_axi_arready</spirit:name>
        <spirit:wire>
          <spirit:direction>out</spirit:direction>
          <spirit:wireTypeDefs>
            <spirit:wireTypeDef>
              <spirit:typeName>wire</spirit:typeName>
              <spirit:viewNameRef>xilinx_verilogsynthesis</spirit:viewNameRef>
              <spirit:viewNameRef>xilinx_verilogbehavioralsimulation</spirit:viewNameRef>
            </spirit:wireTypeDef>
          </spirit:wireTypeDefs>
        </spirit:wire>
      </spirit:port>
      <spirit:port>
        <spirit:name>s00_axi_rdata</spirit:name>
        <spirit:wire>
          <spirit:direction>out</spirit:direction>
          <spirit:vector>
            <spirit:left spirit:format="long" spirit:resolve="dependent" spirit:dependency="(spirit:decode(id(&apos;MODELPARAM_VALUE.C_S00_AXI_DATA_WIDTH&apos;)) - 1)">31</spirit:left>
            <spirit:right spirit:format="long">0</spirit:right>
          </spirit:vector>
          <spirit:wireTypeDefs>
            <spirit:wireTypeDef>
              <spirit:typeName>wire</spirit:typeName>
              <spirit:viewNameRef>xilinx_verilogsynthesis</spirit:viewNameRef>
              <spirit:viewNameRef>xilinx_verilogbehavioralsimulation</spirit:viewNameRef>
            </spirit:wireTypeDef>
          </spirit:wireTypeDefs>
        </spirit:wire>
      </spirit:port>
      <spirit:port>
        <spirit:name>s00_axi_rresp</spirit:name>
        <spirit:wire>
          <spirit:direction>out</spirit:direction>
          <spirit:vector>
            <spirit:left spirit:format="long">1</spirit:left>
            <spirit:right spirit:format="long">0</spirit:right>
          </spirit:vector>
          <spirit:wireTypeDefs>
            <spirit:wireTypeDef>
              <spirit:typeName>wire</spirit:typeName>
              <spirit:viewNameRef>xilinx_verilogsynthesis</spirit:viewNameRef>
              <spirit:viewNameRef>xilinx_verilogbehavioralsimulation</spirit:viewNameRef>
            </spirit:wireTypeDef>
          </spirit:wireTypeDefs>
        </spirit:wire>
      </spirit:port>
      <spirit:port>
        <spirit:name>s00_axi_rvalid</spirit:name>
        <spirit:wire>
          <spirit:direction>out</spirit:direction>
          <spirit:wireTypeDefs>
            <spirit:wireTypeDef>
              <spirit:typeName>wire</spirit:typeName>
              <spirit:viewNameRef>xilinx_verilogsynthesis</spirit:viewNameRef>
              <spirit:viewNameRef>xilinx_verilogbehavioralsimulation</spirit:viewNameRef>
            </spirit:wireTypeDef>
          </spirit:wireTypeDefs>
        </spirit:wire>
      </spirit:port>
      <spirit:port>
        <spirit:name>s00_axi_rready</spirit:name>
        <spirit:wire>
          <spirit:direction>in</spirit:direction>
          <spirit:wireTypeDefs>
            <spirit:wireTypeDef>
              <spirit:typeName>wire</spirit:typeName>
              <spirit:viewNameRef>xilinx_verilogsynthesis</spirit:viewNameRef>
              <spirit:viewNameRef>xilinx_verilogbehavioralsimulation</spirit:viewNameRef>
            </spirit:wireTypeDef>
          </spirit:wireTypeDefs>
        </spirit:wire>
      </spirit:port>
    </spirit:ports>
    <spirit:modelParameters>
      <spirit:modelParameter xsi:type="spirit:nameValueTypeType" spirit:dataType="integer">
        <spirit:name>C_S00_AXI_DATA_WIDTH</spirit:name>
        <spirit:displayName>C S00 AXI DATA WIDTH</spirit:displayName>
        <spirit:description>Width of S_AXI data bus</spirit:description>
        <spirit:value spirit:format="long" spirit:resolve="generated" spirit:id="MODELPARAM_VALUE.C_S00_AXI_DATA_WIDTH" spirit:order="3" spirit:rangeType="long">32</spirit:value>
      </spirit:modelParameter>
      <spirit:modelParameter spirit:dataType="integer">
        <spirit:name>C_S00_AXI_ADDR_WIDTH</spirit:name>
        <spirit:displayName>C S00 AXI ADDR WIDTH</spirit:displayName>
        <spirit:description>Width of S_AXI address bus</spirit:description>
        <spirit:value spirit:format="long" spirit:resolve="generated" spirit:id="MODELPARAM_VALUE.C_S00_AXI_ADDR_WIDTH" spirit:order="4" spirit:rangeType="long">4</spirit:value>
      </spirit:modelParameter>
    </spirit:modelParameters>
  </spirit:model>
  <spirit:choices>
    <spirit:choice>
      <spirit:name>choice_list_6fc15197</spirit:name>
      <spirit:enumeration>32</spirit:enumeration>
    </spirit:choice>
    <spirit:choice>
      <spirit:name>choice_list_9d8b0d81</spirit:name>
      <spirit:enumeration>ACTIVE_HIGH</spirit:enumeration>
      <spirit:enumeration>ACTIVE_LOW</spirit:enumeration>
    </spirit:choice>
    <spirit:choice>
      <spirit:name>choice_pairs_ce1226b1</spirit:name>
      <spirit:enumeration spirit:text="true">1</spirit:enumeration>
      <spirit:enumeration spirit:text="false">0</spirit:enumeration>
    </spirit:choice>
  </spirit:choices>
  <spirit:fileSets>
    <spirit:fileSet>
      <spirit:name>xilinx_verilogsynthesis_view_fileset</spirit:name>
      <spirit:file>
        <spirit:name>hdl/Seg_Controller_Int.v</spirit:name>
        <spirit:fileType>verilogSource</spirit:fileType>
      </spirit:file>
      <spirit:file>
        <spirit:name>hdl/Segment_v1_0_S00_AXI.v</spirit:name>
        <spirit:fileType>verilogSource</spirit:fileType>
      </spirit:file>
      <spirit:file>
        <spirit:name>hdl/Segment_v1_0.v</spirit:name>
        <spirit:fileType>verilogSource</spirit:fileType>
        <spirit:userFileType>CHECKSUM_636afe59</spirit:userFileType>
      </spirit:file>
    </spirit:fileSet>
    <spirit:fileSet>
      <spirit:name>xilinx_verilogbehavioralsimulation_view_fileset</spirit:name>
      <spirit:file>
        <spirit:name>hdl/Seg_Controller_Int.v</spirit:name>
        <spirit:fileType>verilogSource</spirit:fileType>
      </spirit:file>
      <spirit:file>
        <spirit:name>hdl/Segment_v1_0_S00_AXI.v</spirit:name>
        <spirit:fileType>verilogSource</spirit:fileType>
      </spirit:file>
      <spirit:file>
        <spirit:name>hdl/Segment_v1_0.v</spirit:name>
        <spirit:fileType>verilogSource</spirit:fileType>
      </spirit:file>
    </spirit:fileSet>
    <spirit:fileSet>
      <spirit:name>xilinx_softwaredriver_view_fileset</spirit:name>
      <spirit:file>
        <spirit:name>drivers/Segment_v1_0/data/Segment.mdd</spirit:name>
        <spirit:userFileType>mdd</spirit:userFileType>
        <spirit:userFileType>driver_mdd</spirit:userFileType>
      </spirit:file>
      <spirit:file>
        <spirit:name>drivers/Segment_v1_0/data/Segment.tcl</spirit:name>
        <spirit:fileType>tclSource</spirit:fileType>
        <spirit:userFileType>driver_tcl</spirit:userFileType>
      </spirit:file>
      <spirit:file>
        <spirit:name>drivers/Segment_v1_0/src/Makefile</spirit:name>
        <spirit:userFileType>driver_src</spirit:userFileType>
      </spirit:file>
      <spirit:file>
        <spirit:name>drivers/Segment_v1_0/src/Segment.h</spirit:name>
        <spirit:fileType>cSource</spirit:fileType>
        <spirit:userFileType>driver_src</spirit:userFileType>
      </spirit:file>
      <spirit:file>
        <spirit:name>drivers/Segment_v1_0/src/Segment.c</spirit:name>
        <spirit:fileType>cSource</spirit:fileType>
        <spirit:userFileType>driver_src</spirit:userFileType>
      </spirit:file>
      <spirit:file>
        <spirit:name>drivers/Segment_v1_0/src/Segment_selftest.c</spirit:name>
        <spirit:fileType>cSource</spirit:fileType>
        <spirit:userFileType>driver_src</spirit:userFileType>
      </spirit:file>
    </spirit:fileSet>
    <spirit:fileSet>
      <spirit:name>xilinx_xpgui_view_fileset</spirit:name>
      <spirit:file>
        <spirit:name>xgui/Segment_v1_0.tcl</spirit:name>
        <spirit:fileType>tclSource</spirit:fileType>
        <spirit:userFileType>CHECKSUM_0e5443b4</spirit:userFileType>
        <spirit:userFileType>XGUI_VERSION_2</spirit:userFileType>
      </spirit:file>
    </spirit:fileSet>
    <spirit:fileSet>
      <spirit:name>bd_tcl_view_fileset</spirit:name>
      <spirit:file>
        <spirit:name>bd/bd.tcl</spirit:name>
        <spirit:fileType>tclSource</spirit:fileType>
      </spirit:file>
    </spirit:fileSet>
    <spirit:fileSet>
      <spirit:name>xilinx_testbench_view_fileset</spirit:name>
      <spirit:file>
        <spirit:name>hdl/Seg_Controller_tb.v</spirit:name>
        <spirit:fileType>verilogSource</spirit:fileType>
        <spirit:userFileType>USED_IN_implementation</spirit:userFileType>
        <spirit:userFileType>USED_IN_simulation</spirit:userFileType>
        <spirit:userFileType>USED_IN_synthesis</spirit:userFileType>
      </spirit:file>
    </spirit:fileSet>
  </spirit:fileSets>
  <spirit:description>My new AXI IP</spirit:description>
  <spirit:parameters>
    <spirit:parameter>
      <spirit:name>C_S00_AXI_DATA_WIDTH</spirit:name>
      <spirit:displayName>C S00 AXI DATA WIDTH</spirit:displayName>
      <spirit:description>Width of S_AXI data bus</spirit:description>
      <spirit:value spirit:format="long" spirit:resolve="user" spirit:id="PARAM_VALUE.C_S00_AXI_DATA_WIDTH" spirit:choiceRef="choice_list_6fc15197" spirit:order="3">32</spirit:value>
      <spirit:vendorExtensions>
        <xilinx:parameterInfo>
          <xilinx:enablement>
            <xilinx:isEnabled xilinx:id="PARAM_ENABLEMENT.C_S00_AXI_DATA_WIDTH">false</xilinx:isEnabled>
          </xilinx:enablement>
        </xilinx:parameterInfo>
      </spirit:vendorExtensions>
    </spirit:parameter>
    <spirit:parameter>
      <spirit:name>C_S00_AXI_ADDR_WIDTH</spirit:name>
      <spirit:displayName>C S00 AXI ADDR WIDTH</spirit:displayName>
      <spirit:description>Width of S_AXI address bus</spirit:description>
      <spirit:value spirit:format="long" spirit:resolve="user" spirit:id="PARAM_VALUE.C_S00_AXI_ADDR_WIDTH" spirit:order="4" spirit:rangeType="long">4</spirit:value>
      <spirit:vendorExtensions>
        <xilinx:parameterInfo>
          <xilinx:enablement>
            <xilinx:isEnabled xilinx:id="PARAM_ENABLEMENT.C_S00_AXI_ADDR_WIDTH">false</xilinx:isEnabled>
          </xilinx:enablement>
        </xilinx:parameterInfo>
      </spirit:vendorExtensions>
    </spirit:parameter>
    <spirit:parameter>
      <spirit:name>C_S00_AXI_BASEADDR</spirit:name>
      <spirit:displayName>C S00 AXI BASEADDR</spirit:displayName>
      <spirit:value spirit:format="bitString" spirit:resolve="user" spirit:id="PARAM_VALUE.C_S00_AXI_BASEADDR" spirit:order="5" spirit:bitStringLength="32">0xFFFFFFFF</spirit:value>
      <spirit:vendorExtensions>
        <xilinx:parameterInfo>
          <xilinx:enablement>
            <xilinx:isEnabled xilinx:id="PARAM_ENABLEMENT.C_S00_AXI_BASEADDR">false</xilinx:isEnabled>
          </xilinx:enablement>
        </xilinx:parameterInfo>
      </spirit:vendorExtensions>
    </spirit:parameter>
    <spirit:parameter>
      <spirit:name>C_S00_AXI_HIGHADDR</spirit:name>
      <spirit:displayName>C S00 AXI HIGHADDR</spirit:displayName>
      <spirit:value spirit:format="bitString" spirit:resolve="user" spirit:id="PARAM_VALUE.C_S00_AXI_HIGHADDR" spirit:order="6" spirit:bitStringLength="32">0x00000000</spirit:value>
      <spirit:vendorExtensions>
        <xilinx:parameterInfo>
          <xilinx:enablement>
            <xilinx:isEnabled xilinx:id="PARAM_ENABLEMENT.C_S00_AXI_HIGHADDR">false</xilinx:isEnabled>
          </xilinx:enablement>
        </xilinx:parameterInfo>
      </spirit:vendorExtensions>
    </spirit:parameter>
    <spirit:parameter>
      <spirit:name>Component_Name</spirit:name>
      <spirit:value spirit:resolve="user" spirit:id="PARAM_VALUE.Component_Name" spirit:order="1">Segment_v1_0</spirit:value>
    </spirit:parameter>
  </spirit:parameters>
  <spirit:vendorExtensions>
    <xilinx:coreExtensions>
      <xilinx:supportedFamilies>
        <xilinx:family xilinx:lifeCycle="Pre-Production">artix7</xilinx:family>
      </xilinx:supportedFamilies>
      <xilinx:taxonomies>
        <xilinx:taxonomy>AXI_Peripheral</xilinx:taxonomy>
      </xilinx:taxonomies>
      <xilinx:displayName>Segment_v1.0</xilinx:displayName>
      <xilinx:coreRevision>6</xilinx:coreRevision>
      <xilinx:coreCreationDateTime>2024-05-10T17:47:39Z</xilinx:coreCreationDateTime>
      <xilinx:tags>
        <xilinx:tag xilinx:name="ui.data.coregen.dd@3ea0182c_ARCHIVE_LOCATION">c:/workspace/Mipsfpga_soc_Seg/ip_repo/Segment_1.0</xilinx:tag>
        <xilinx:tag xilinx:name="ui.data.coregen.dd@7b874b23_ARCHIVE_LOCATION">c:/workspace/Mipsfpga_soc_Seg/ip_repo/Segment_1.0</xilinx:tag>
        <xilinx:tag xilinx:name="ui.data.coregen.dd@34ebdfc3_ARCHIVE_LOCATION">c:/workspace/Mipsfpga_soc_Seg/ip_repo/Segment_1.0</xilinx:tag>
        <xilinx:tag xilinx:name="ui.data.coregen.dd@4aee776d_ARCHIVE_LOCATION">c:/workspace/Mipsfpga_soc_Seg/ip_repo/Segment_1.0</xilinx:tag>
        <xilinx:tag xilinx:name="ui.data.coregen.dd@31aab1c7_ARCHIVE_LOCATION">c:/workspace/Mipsfpga_soc_Seg/ip_repo/Segment_1.0</xilinx:tag>
        <xilinx:tag xilinx:name="ui.data.coregen.dd@1482ff81_ARCHIVE_LOCATION">c:/workspace/Mipsfpga_soc_Seg/ip_repo/Segment_1.0</xilinx:tag>
        <xilinx:tag xilinx:name="ui.data.coregen.dd@28639a6e_ARCHIVE_LOCATION">c:/workspace/Mipsfpga_soc_Seg/ip_repo/Segment_1.0</xilinx:tag>
        <xilinx:tag xilinx:name="ui.data.coregen.dd@1009e356_ARCHIVE_LOCATION">c:/workspace/Mipsfpga_soc_Seg/ip_repo/Segment_1.0</xilinx:tag>
        <xilinx:tag xilinx:name="ui.data.coregen.dd@6a14dad7_ARCHIVE_LOCATION">c:/workspace/Mipsfpga_soc_Seg/ip_repo/Segment_1.0</xilinx:tag>
        <xilinx:tag xilinx:name="ui.data.coregen.dd@4f80aea3_ARCHIVE_LOCATION">c:/workspace/Mipsfpga_soc_Seg/ip_repo/Segment_1.0</xilinx:tag>
        <xilinx:tag xilinx:name="ui.data.coregen.dd@31e62b4c_ARCHIVE_LOCATION">c:/workspace/Mipsfpga_soc_Seg/ip_repo/Segment_1.0</xilinx:tag>
        <xilinx:tag xilinx:name="ui.data.coregen.dd@59ce690b_ARCHIVE_LOCATION">c:/workspace/Mipsfpga_soc_Seg/ip_repo/Segment_1.0</xilinx:tag>
        <xilinx:tag xilinx:name="ui.data.coregen.dd@49e93371_ARCHIVE_LOCATION">c:/workspace/Mipsfpga_soc_Seg/ip_repo/Segment_1.0</xilinx:tag>
        <xilinx:tag xilinx:name="ui.data.coregen.dd@451f31d7_ARCHIVE_LOCATION">c:/workspace/Mipsfpga_soc_Seg/ip_repo/Segment_1.0</xilinx:tag>
        <xilinx:tag xilinx:name="ui.data.coregen.dd@2be3808_ARCHIVE_LOCATION">c:/workspace/Mipsfpga_soc_Seg/ip_repo/Segment_1.0</xilinx:tag>
        <xilinx:tag xilinx:name="ui.data.coregen.dd@63293ac0_ARCHIVE_LOCATION">c:/workspace/Mipsfpga_soc_Seg/ip_repo/Segment_1.0</xilinx:tag>
        <xilinx:tag xilinx:name="ui.data.coregen.dd@3a3fd843_ARCHIVE_LOCATION">c:/workspace/Mipsfpga_soc_Seg/ip_repo/Segment_1.0</xilinx:tag>
        <xilinx:tag xilinx:name="ui.data.coregen.dd@2769a001_ARCHIVE_LOCATION">c:/workspace/Mipsfpga_soc_Seg/ip_repo/Segment_1.0</xilinx:tag>
        <xilinx:tag xilinx:name="ui.data.coregen.dd@35e314a4_ARCHIVE_LOCATION">c:/workspace/Mipsfpga_soc_Seg/ip_repo/Segment_1.0</xilinx:tag>
        <xilinx:tag xilinx:name="ui.data.coregen.dd@796401e5_ARCHIVE_LOCATION">c:/workspace/Mipsfpga_soc_Seg/ip_repo/Segment_1.0</xilinx:tag>
        <xilinx:tag xilinx:name="ui.data.coregen.dd@12e5f605_ARCHIVE_LOCATION">c:/workspace/Mipsfpga_soc_Seg/ip_repo/Segment_1.0</xilinx:tag>
        <xilinx:tag xilinx:name="ui.data.coregen.dd@4352c968_ARCHIVE_LOCATION">c:/workspace/Mipsfpga_soc_Seg/ip_repo/Segment_1.0</xilinx:tag>
        <xilinx:tag xilinx:name="ui.data.coregen.dd@67ba1045_ARCHIVE_LOCATION">c:/workspace/Mipsfpga_soc_Seg/ip_repo/Segment_1.0</xilinx:tag>
        <xilinx:tag xilinx:name="ui.data.coregen.dd@38819f6_ARCHIVE_LOCATION">c:/workspace/Mipsfpga_soc_Seg/ip_repo/Segment_1.0</xilinx:tag>
        <xilinx:tag xilinx:name="ui.data.coregen.dd@1f7d44b2_ARCHIVE_LOCATION">c:/workspace/Mipsfpga_soc_Seg/ip_repo/Segment_1.0</xilinx:tag>
        <xilinx:tag xilinx:name="ui.data.coregen.dd@4fb48b93_ARCHIVE_LOCATION">c:/workspace/Mipsfpga_soc_Seg/ip_repo/Segment_1.0</xilinx:tag>
        <xilinx:tag xilinx:name="ui.data.coregen.dd@7d8dbae5_ARCHIVE_LOCATION">c:/workspace/Mipsfpga_soc_Seg/ip_repo/Segment_1.0</xilinx:tag>
        <xilinx:tag xilinx:name="ui.data.coregen.dd@1e325e6_ARCHIVE_LOCATION">c:/workspace/Mipsfpga_soc_Seg/ip_repo/Segment_1.0</xilinx:tag>
        <xilinx:tag xilinx:name="ui.data.coregen.dd@212c049b_ARCHIVE_LOCATION">c:/workspace/Mipsfpga_soc_Seg/ip_repo/Segment_1.0</xilinx:tag>
        <xilinx:tag xilinx:name="ui.data.coregen.dd@2e2fcd96_ARCHIVE_LOCATION">c:/workspace/Mipsfpga_soc_Seg/ip_repo/Segment_1.0</xilinx:tag>
        <xilinx:tag xilinx:name="ui.data.coregen.dd@4ad56486_ARCHIVE_LOCATION">c:/workspace/Mipsfpga_soc_Seg/ip_repo/Segment_1.0</xilinx:tag>
        <xilinx:tag xilinx:name="ui.data.coregen.dd@7f80c81_ARCHIVE_LOCATION">c:/workspace/Mipsfpga_soc_Seg/ip_repo/Segment_1.0</xilinx:tag>
        <xilinx:tag xilinx:name="ui.data.coregen.dd@60dcf3dd_ARCHIVE_LOCATION">c:/workspace/Mipsfpga_soc_Seg/ip_repo/Segment_1.0</xilinx:tag>
        <xilinx:tag xilinx:name="ui.data.coregen.dd@1a07e62b_ARCHIVE_LOCATION">c:/workspace/Mipsfpga_soc_Seg/ip_repo/Segment_1.0</xilinx:tag>
        <xilinx:tag xilinx:name="ui.data.coregen.dd@540e6bc2_ARCHIVE_LOCATION">c:/workspace/Mipsfpga_soc_Seg/ip_repo/Segment_1.0</xilinx:tag>
        <xilinx:tag xilinx:name="ui.data.coregen.dd@25146be7_ARCHIVE_LOCATION">c:/workspace/Mipsfpga_soc_Seg/ip_repo/Segment_1.0</xilinx:tag>
        <xilinx:tag xilinx:name="ui.data.coregen.dd@385e464d_ARCHIVE_LOCATION">c:/workspace/Mipsfpga_soc_Seg/ip_repo/Segment_1.0</xilinx:tag>
        <xilinx:tag xilinx:name="ui.data.coregen.dd@34d727f5_ARCHIVE_LOCATION">c:/workspace/Mipsfpga_soc_Seg/ip_repo/Segment_1.0</xilinx:tag>
        <xilinx:tag xilinx:name="ui.data.coregen.dd@6b0ab5de_ARCHIVE_LOCATION">c:/workspace/Mipsfpga_soc_Seg/ip_repo/Segment_1.0</xilinx:tag>
        <xilinx:tag xilinx:name="ui.data.coregen.dd@4c1117dc_ARCHIVE_LOCATION">c:/workspace/Mipsfpga_soc_Seg/ip_repo/Segment_1.0</xilinx:tag>
        <xilinx:tag xilinx:name="ui.data.coregen.dd@2e799915_ARCHIVE_LOCATION">c:/workspace/Mipsfpga_soc_Seg/ip_repo/Segment_1.0</xilinx:tag>
        <xilinx:tag xilinx:name="ui.data.coregen.dd@4ee57c2a_ARCHIVE_LOCATION">c:/workspace/Mipsfpga_soc_Seg/ip_repo/Segment_1.0</xilinx:tag>
        <xilinx:tag xilinx:name="ui.data.coregen.dd@445381b1_ARCHIVE_LOCATION">c:/workspace/Mipsfpga_soc_Seg/ip_repo/Segment_1.0</xilinx:tag>
        <xilinx:tag xilinx:name="ui.data.coregen.dd@69a387da_ARCHIVE_LOCATION">c:/workspace/Mipsfpga_soc_Seg/ip_repo/Segment_1.0</xilinx:tag>
        <xilinx:tag xilinx:name="ui.data.coregen.dd@1fdcc21e_ARCHIVE_LOCATION">c:/workspace/Mipsfpga_soc_Seg/ip_repo/Segment_1.0</xilinx:tag>
        <xilinx:tag xilinx:name="ui.data.coregen.dd@17d78e52_ARCHIVE_LOCATION">c:/workspace/Mipsfpga_soc_Seg/ip_repo/Segment_1.0</xilinx:tag>
        <xilinx:tag xilinx:name="ui.data.coregen.dd@4aed36f7_ARCHIVE_LOCATION">c:/workspace/Mipsfpga_soc_Seg/ip_repo/Segment_1.0</xilinx:tag>
        <xilinx:tag xilinx:name="ui.data.coregen.dd@a3dccd5_ARCHIVE_LOCATION">c:/workspace/Mipsfpga_soc_Seg/ip_repo/Segment_1.0</xilinx:tag>
        <xilinx:tag xilinx:name="ui.data.coregen.dd@2c26a8d_ARCHIVE_LOCATION">c:/workspace/Mipsfpga_soc_Seg/ip_repo/Segment_1.0</xilinx:tag>
        <xilinx:tag xilinx:name="ui.data.coregen.dd@403d8437_ARCHIVE_LOCATION">c:/workspace/Mipsfpga_soc_Seg/ip_repo/Segment_1.0</xilinx:tag>
        <xilinx:tag xilinx:name="ui.data.coregen.dd@7a22aa8_ARCHIVE_LOCATION">c:/workspace/Mipsfpga_soc_Seg/ip_repo/Segment_1.0</xilinx:tag>
        <xilinx:tag xilinx:name="ui.data.coregen.dd@6f687dab_ARCHIVE_LOCATION">c:/workspace/Mipsfpga_soc_Seg/ip_repo/Segment_1.0</xilinx:tag>
        <xilinx:tag xilinx:name="ui.data.coregen.dd@1e2db932_ARCHIVE_LOCATION">c:/workspace/Mipsfpga_soc_Seg/ip_repo/Segment_1.0</xilinx:tag>
        <xilinx:tag xilinx:name="ui.data.coregen.dd@2871c38d_ARCHIVE_LOCATION">c:/workspace/Mipsfpga_soc_Seg/ip_repo/Segment_1</xilinx:tag>
        <xilinx:tag xilinx:name="ui.data.coregen.dd@c2bbcc_ARCHIVE_LOCATION">c:/workspace/Mipsfpga_soc_Seg/ip_repo/Segment_1</xilinx:tag>
        <xilinx:tag xilinx:name="ui.data.coregen.dd@13719159_ARCHIVE_LOCATION">c:/workspace/Mipsfpga_soc_Seg/ip_repo/Segment_1</xilinx:tag>
        <xilinx:tag xilinx:name="ui.data.coregen.dd@7b0550f9_ARCHIVE_LOCATION">c:/workspace/Mipsfpga_soc_Seg/ip_repo/Segment_1</xilinx:tag>
        <xilinx:tag xilinx:name="ui.data.coregen.dd@5440e4f5_ARCHIVE_LOCATION">c:/workspace/Mipsfpga_soc_Seg/ip_repo/Segment_1</xilinx:tag>
        <xilinx:tag xilinx:name="ui.data.coregen.dd@70ba91fe_ARCHIVE_LOCATION">c:/workspace/Mipsfpga_soc_Seg/ip_repo/Segment_1</xilinx:tag>
        <xilinx:tag xilinx:name="ui.data.coregen.dd@31696ea4_ARCHIVE_LOCATION">c:/workspace/Mipsfpga_soc_Seg/ip_repo/Segment_1</xilinx:tag>
        <xilinx:tag xilinx:name="ui.data.coregen.dd@653b6531_ARCHIVE_LOCATION">c:/workspace/Mipsfpga_soc_Seg/ip_repo/Segment_1</xilinx:tag>
        <xilinx:tag xilinx:name="ui.data.coregen.dd@58a95795_ARCHIVE_LOCATION">c:/workspace/Mipsfpga_soc_Seg/ip_repo/Segment_1</xilinx:tag>
        <xilinx:tag xilinx:name="ui.data.coregen.dd@11f8266c_ARCHIVE_LOCATION">c:/workspace/Mipsfpga_soc_Seg/ip_repo/Segment_1</xilinx:tag>
        <xilinx:tag xilinx:name="ui.data.coregen.dd@2b33714d_ARCHIVE_LOCATION">c:/workspace/Mipsfpga_soc_Seg/ip_repo/Segment_1</xilinx:tag>
        <xilinx:tag xilinx:name="ui.data.coregen.dd@6d98583b_ARCHIVE_LOCATION">c:/workspace/Mipsfpga_soc_Seg/ip_repo/Segment_1</xilinx:tag>
        <xilinx:tag xilinx:name="ui.data.coregen.dd@757ccc71_ARCHIVE_LOCATION">c:/workspace/Mipsfpga_soc_Seg/ip_repo/Segment_1</xilinx:tag>
        <xilinx:tag xilinx:name="ui.data.coregen.dd@5f770d86_ARCHIVE_LOCATION">c:/workspace/Mipsfpga_soc_Seg/ip_repo/Segment_1</xilinx:tag>
        <xilinx:tag xilinx:name="ui.data.coregen.dd@758e201e_ARCHIVE_LOCATION">c:/workspace/Mipsfpga_soc_Seg/ip_repo/Segment_1</xilinx:tag>
        <xilinx:tag xilinx:name="ui.data.coregen.dd@4e4bb2b2_ARCHIVE_LOCATION">c:/workspace/Mipsfpga_soc_Seg/ip_repo/Segment_1</xilinx:tag>
        <xilinx:tag xilinx:name="ui.data.coregen.dd@1402731e_ARCHIVE_LOCATION">c:/workspace/Mipsfpga_soc_Seg/ip_repo/Segment_1</xilinx:tag>
        <xilinx:tag xilinx:name="ui.data.coregen.dd@8fabe4c_ARCHIVE_LOCATION">c:/workspace/Mipsfpga_soc_Seg/ip_repo/Segment_1</xilinx:tag>
        <xilinx:tag xilinx:name="ui.data.coregen.dd@958b6f8_ARCHIVE_LOCATION">c:/workspace/Mipsfpga_soc_Seg/ip_repo/Segment_1</xilinx:tag>
        <xilinx:tag xilinx:name="ui.data.coregen.dd@1ea27b55_ARCHIVE_LOCATION">c:/workspace/Mipsfpga_soc_Seg/ip_repo/Segment_1</xilinx:tag>
        <xilinx:tag xilinx:name="ui.data.coregen.dd@7a25bb82_ARCHIVE_LOCATION">c:/workspace/Mipsfpga_soc_Seg/ip_repo/Segment_1</xilinx:tag>
        <xilinx:tag xilinx:name="ui.data.coregen.dd@b1e644a_ARCHIVE_LOCATION">c:/workspace/Mipsfpga_soc_Seg/ip_repo/Segment_1</xilinx:tag>
        <xilinx:tag xilinx:name="ui.data.coregen.dd@7e57a16f_ARCHIVE_LOCATION">c:/workspace/Mipsfpga_soc_Seg/ip_repo/Segment_1</xilinx:tag>
        <xilinx:tag xilinx:name="ui.data.coregen.dd@7f91f5b4_ARCHIVE_LOCATION">c:/workspace/Mipsfpga_soc_Seg/ip_repo/Segment_1</xilinx:tag>
        <xilinx:tag xilinx:name="ui.data.coregen.dd@410ea03b_ARCHIVE_LOCATION">c:/workspace/Mipsfpga_soc_Seg/ip_repo/Segment_1</xilinx:tag>
        <xilinx:tag xilinx:name="ui.data.coregen.dd@16d8c1f_ARCHIVE_LOCATION">c:/workspace/Mipsfpga_soc_Seg/ip_repo/Segment_1</xilinx:tag>
        <xilinx:tag xilinx:name="ui.data.coregen.dd@1f6982d9_ARCHIVE_LOCATION">c:/workspace/Mipsfpga_soc_Seg/ip_repo/Segment_1</xilinx:tag>
        <xilinx:tag xilinx:name="ui.data.coregen.dd@2240539f_ARCHIVE_LOCATION">c:/workspace/Mipsfpga_soc_Seg/ip_repo/Segment_1</xilinx:tag>
        <xilinx:tag xilinx:name="ui.data.coregen.dd@6a99e2ea_ARCHIVE_LOCATION">c:/workspace/Mipsfpga_soc_Seg/ip_repo/Segment_1</xilinx:tag>
        <xilinx:tag xilinx:name="ui.data.coregen.dd@65e2de6_ARCHIVE_LOCATION">c:/workspace/Mipsfpga_soc_Seg/ip_repo/Segment_1</xilinx:tag>
        <xilinx:tag xilinx:name="ui.data.coregen.dd@679a0db8_ARCHIVE_LOCATION">c:/workspace/Mipsfpga_soc_Seg/ip_repo/Segment_1</xilinx:tag>
        <xilinx:tag xilinx:name="ui.data.coregen.dd@4ee44e22_ARCHIVE_LOCATION">c:/workspace/Mipsfpga_soc_Seg/ip_repo/Segment_1</xilinx:tag>
        <xilinx:tag xilinx:name="ui.data.coregen.dd@57f33e27_ARCHIVE_LOCATION">c:/workspace/Mipsfpga_soc_Seg/ip_repo/Segment_1</xilinx:tag>
        <xilinx:tag xilinx:name="ui.data.coregen.dd@56e323f9_ARCHIVE_LOCATION">c:/workspace/Mipsfpga_soc_Seg/ip_repo/Segment_1</xilinx:tag>
        <xilinx:tag xilinx:name="ui.data.coregen.dd@4e90daa9_ARCHIVE_LOCATION">c:/workspace/Mipsfpga_soc_Seg/ip_repo/Segment_1</xilinx:tag>
        <xilinx:tag xilinx:name="ui.data.coregen.dd@370de8e5_ARCHIVE_LOCATION">c:/workspace/Mipsfpga_soc_Seg/ip_repo/Segment_1</xilinx:tag>
        <xilinx:tag xilinx:name="ui.data.coregen.dd@44e1e60e_ARCHIVE_LOCATION">c:/workspace/Mipsfpga_soc_Seg/ip_repo/Segment_1</xilinx:tag>
        <xilinx:tag xilinx:name="ui.data.coregen.dd@5405b0f2_ARCHIVE_LOCATION">c:/workspace/Mipsfpga_soc_Seg/ip_repo/Segment_1</xilinx:tag>
        <xilinx:tag xilinx:name="ui.data.coregen.dd@69fe0157_ARCHIVE_LOCATION">c:/workspace/Mipsfpga_soc_Seg/ip_repo/Segment_1</xilinx:tag>
      </xilinx:tags>
    </xilinx:coreExtensions>
    <xilinx:packagingInfo>
      <xilinx:xilinxVersion>2019.2</xilinx:xilinxVersion>
      <xilinx:checksum xilinx:scope="busInterfaces" xilinx:value="7a63f3fc"/>
      <xilinx:checksum xilinx:scope="memoryMaps" xilinx:value="ed1368d5"/>
      <xilinx:checksum xilinx:scope="fileGroups" xilinx:value="514b87d7"/>
      <xilinx:checksum xilinx:scope="ports" xilinx:value="263b3859"/>
      <xilinx:checksum xilinx:scope="hdlParameters" xilinx:value="6992ea72"/>
      <xilinx:checksum xilinx:scope="parameters" xilinx:value="d4186ed4"/>
    </xilinx:packagingInfo>
  </spirit:vendorExtensions>
</spirit:component>
